[
{
  "model": "auth.group",
  "fields": {
    "name": "arc",
    "permissions": []
  }
},
{
  "model": "auth.group",
  "fields": {
    "name": "contact-centre",
    "permissions": []
  }
},
{
  "model": "auth.user",
  "fields": {
    "password": "pbkdf2_sha256$36000$0LmFEZxDRGCu$lAZrw1t7xlrEw+bwkv43Npyx7eGYGDVMFg6qHeptuMo=",
    "last_login": "2018-03-05T09:01:10.474Z",
    "is_superuser": false,
    "username": "arc1",
    "first_name": "",
    "last_name": "",
    "email": "",
    "is_staff": false,
    "is_active": true,
    "date_joined": "2018-03-01T10:16:32Z",
    "groups": [
      [
        "arc"
      ]
    ],
    "user_permissions": []
  }
},
{
  "model": "auth.user",
  "fields": {
    "password": "pbkdf2_sha256$36000$0LmFEZxDRGCu$lAZrw1t7xlrEw+bwkv43Npyx7eGYGDVMFg6qHeptuMo=",
    "last_login": "2018-03-05T09:01:10.474Z",
    "is_superuser": false,
    "username": "cc1",
    "first_name": "",
    "last_name": "",
    "email": "",
    "is_staff": false,
    "is_active": true,
    "date_joined": "2018-03-01T10:16:32Z",
    "groups": [
      [
        "contact-centre"
      ]
    ],
    "user_permissions": []
  }
},
{
  "model": "auth.user",
  "fields": {
    "password": "default-password",
    "last_login": null,
    "is_superuser": true,
    "username": "root",
    "first_name": "",
    "last_name": "",
    "email": "",
    "is_staff": true,
    "is_active": true,
    "date_joined": "2018-04-04T10:10:56.219Z",
    "groups": [],
    "user_permissions": []
  }
},
{
  "model": "govuk_template_base.servicesettings",
  "pk": 1,
  "fields": {
    "modified": "2018-03-28T14:03:57.536Z",
    "name": "Untitled",
    "localise_name": false,
    "phase": "discovery",
    "header_link_view_name": "",
    "header_links": [],
    "footer_links": []
  }
},
{
  "model": "application.userdetails",
  "pk": "0a799d3a-dca6-42f9-b88d-9c2408bd2289",
  "fields": {
    "email": "a@saf.com",
    "mobile_number": "07824893361",
    "add_phone_number": "",
    "email_expiry_date": null,
    "sms_expiry_date": null,
    "magic_link_email": null,
    "magic_link_sms": null,
    "security_question": "a",
    "security_answer": "a"
  }
},
{
  "model": "application.userdetails",
  "pk": "13ed5b4a-e7f6-419d-ba12-302a0cd5423d",
  "fields": {
    "email": "askda@a.com",
    "mobile_number": "07824893361",
    "add_phone_number": "",
    "email_expiry_date": null,
    "sms_expiry_date": null,
    "magic_link_email": null,
    "magic_link_sms": null,
    "security_question": "test",
    "security_answer": "test"
  }
},
{
  "model": "application.userdetails",
  "pk": "25edc02c-152f-405f-bb2c-1ef5126c0a98",
  "fields": {
    "email": "basdfa@d.com",
    "mobile_number": "",
    "add_phone_number": "",
    "email_expiry_date": null,
    "sms_expiry_date": null,
    "magic_link_email": null,
    "magic_link_sms": null,
    "security_question": null,
    "security_answer": null
  }
},
{
  "model": "application.userdetails",
  "pk": "2685fccc-ba30-409e-ab2e-9d207c3f358b",
  "fields": {
    "email": "a@a.com",
    "mobile_number": "",
    "add_phone_number": "",
    "email_expiry_date": 1522318306,
    "sms_expiry_date": null,
    "magic_link_email": "NDSFR2ZXHNZP",
    "magic_link_sms": null,
    "security_question": null,
    "security_answer": null
  }
},
{
  "model": "application.userdetails",
  "pk": "396e5086-b70a-4e07-b4bc-923d0a0cfc15",
  "fields": {
    "email": "",
    "mobile_number": "",
    "add_phone_number": "",
    "email_expiry_date": null,
    "sms_expiry_date": null,
    "magic_link_email": null,
    "magic_link_sms": null,
    "security_question": null,
    "security_answer": null
  }
},
{
  "model": "application.userdetails",
  "pk": "3c01d8d2-3d2f-4e5b-97ca-7ca7982d5f9d",
  "fields": {
    "email": "k@a.com",
    "mobile_number": "07824893361",
    "add_phone_number": "",
    "email_expiry_date": null,
    "sms_expiry_date": null,
    "magic_link_email": null,
    "magic_link_sms": null,
    "security_question": "test",
    "security_answer": "test"
  }
},
{
  "model": "application.userdetails",
  "pk": "41a90404-3c78-4fd1-aa70-b7cd30a83b87",
  "fields": {
    "email": "",
    "mobile_number": "",
    "add_phone_number": "",
    "email_expiry_date": null,
    "sms_expiry_date": null,
    "magic_link_email": null,
    "magic_link_sms": null,
    "security_question": null,
    "security_answer": null
  }
},
{
  "model": "application.userdetails",
  "pk": "592960b0-4516-4b25-b89e-413fbd2330f7",
  "fields": {
    "email": "a@saf.com",
    "mobile_number": "07824893361",
    "add_phone_number": "",
    "email_expiry_date": 1522250233,
    "sms_expiry_date": null,
    "magic_link_email": "D94HYA908LCZ",
    "magic_link_sms": null,
    "security_question": "a",
    "security_answer": "a"
  }
},
{
  "model": "application.userdetails",
  "pk": "5fcd656a-9e43-466c-a591-dd7c573ba573",
  "fields": {
    "email": "",
    "mobile_number": "",
    "add_phone_number": "",
    "email_expiry_date": null,
    "sms_expiry_date": null,
    "magic_link_email": null,
    "magic_link_sms": null,
    "security_question": null,
    "security_answer": null
  }
},
{
  "model": "application.userdetails",
  "pk": "66b9016d-84b0-4a96-8547-91ac47a5bde9",
  "fields": {
    "email": "aksadfa@a.com",
    "mobile_number": "07824893361",
    "add_phone_number": "",
    "email_expiry_date": 1522248924,
    "sms_expiry_date": null,
    "magic_link_email": "9P7KWVJTWMYT",
    "magic_link_sms": null,
    "security_question": null,
    "security_answer": null
  }
},
{
  "model": "application.userdetails",
  "pk": "7d23de00-3d60-4410-a557-0a9c54f21fa4",
  "fields": {
    "email": "",
    "mobile_number": "",
    "add_phone_number": "",
    "email_expiry_date": null,
    "sms_expiry_date": null,
    "magic_link_email": null,
    "magic_link_sms": null,
    "security_question": null,
    "security_answer": null
  }
},
{
  "model": "application.userdetails",
  "pk": "920a73ef-1745-4f09-876a-a96d59b287eb",
  "fields": {
    "email": "asdfadf@asfdas.com",
    "mobile_number": "",
    "add_phone_number": "",
    "email_expiry_date": 1522250153,
    "sms_expiry_date": null,
    "magic_link_email": "2SPFBOO1FQKC",
    "magic_link_sms": null,
    "security_question": null,
    "security_answer": null
  }
},
{
  "model": "application.userdetails",
  "pk": "96e3ec6a-44d2-44d6-af9e-dc29b5d2818b",
  "fields": {
    "email": "",
    "mobile_number": "",
    "add_phone_number": "",
    "email_expiry_date": null,
    "sms_expiry_date": null,
    "magic_link_email": null,
    "magic_link_sms": null,
    "security_question": null,
    "security_answer": null
  }
},
{
  "model": "application.userdetails",
  "pk": "a1223146-8551-439f-b72b-187a35692eda",
  "fields": {
    "email": "",
    "mobile_number": "",
    "add_phone_number": "",
    "email_expiry_date": null,
    "sms_expiry_date": null,
    "magic_link_email": null,
    "magic_link_sms": null,
    "security_question": null,
    "security_answer": null
  }
},
{
  "model": "application.userdetails",
  "pk": "a30569e1-3eba-4b25-8170-7869fd8eed3e",
  "fields": {
    "email": "",
    "mobile_number": "",
    "add_phone_number": "",
    "email_expiry_date": null,
    "sms_expiry_date": null,
    "magic_link_email": null,
    "magic_link_sms": null,
    "security_question": null,
    "security_answer": null
  }
},
{
  "model": "application.userdetails",
  "pk": "ac691328-5967-428c-b774-74611fc403c4",
  "fields": {
    "email": "",
    "mobile_number": "",
    "add_phone_number": "",
    "email_expiry_date": null,
    "sms_expiry_date": null,
    "magic_link_email": null,
    "magic_link_sms": null,
    "security_question": null,
    "security_answer": null
  }
},
{
  "model": "application.userdetails",
  "pk": "b9dd5f8a-958c-4c52-904b-2a6c08ebd83a",
  "fields": {
    "email": "kda@a.com",
    "mobile_number": "07824893361",
    "add_phone_number": "",
    "email_expiry_date": 0,
    "sms_expiry_date": 1522780223,
    "magic_link_email": "OOVX75VYBTTH",
    "magic_link_sms": "79573",
    "security_question": "test",
    "security_answer": "test"
  }
},
{
  "model": "application.userdetails",
  "pk": "dde4a31a-810c-405b-8ce7-8aad69fa4c7d",
  "fields": {
    "email": "zxz@a.com",
    "mobile_number": "07824893361",
    "add_phone_number": "",
    "email_expiry_date": 1522332206,
    "sms_expiry_date": null,
    "magic_link_email": "CATKWNQBX5JX",
    "magic_link_sms": null,
    "security_question": "test",
    "security_answer": "test"
  }
},
{
  "model": "application.userdetails",
  "pk": "e34948b0-7a50-4a5b-81db-b698df1a8f5f",
  "fields": {
    "email": "",
    "mobile_number": "",
    "add_phone_number": "",
    "email_expiry_date": null,
    "sms_expiry_date": null,
    "magic_link_email": null,
    "magic_link_sms": null,
    "security_question": null,
    "security_answer": null
  }
},
{
  "model": "application.userdetails",
  "pk": "ed75dd49-de16-4340-bda2-da1530967f61",
  "fields": {
    "email": "zz@a.com",
    "mobile_number": "07824893361",
    "add_phone_number": "",
    "email_expiry_date": null,
    "sms_expiry_date": null,
    "magic_link_email": null,
    "magic_link_sms": null,
    "security_question": "test",
    "security_answer": "test"
  }
},
{
  "model": "application.userdetails",
  "pk": "f58fb628-41a6-439b-800a-ff2c05632701",
  "fields": {
    "email": "c@c.com",
    "mobile_number": "07824893361",
    "add_phone_number": "",
    "email_expiry_date": null,
    "sms_expiry_date": null,
    "magic_link_email": null,
    "magic_link_sms": null,
    "security_question": "test",
    "security_answer": "test"
  }
},
{
  "model": "application.userdetails",
  "pk": "fb727008-0f22-44df-b55a-2f2b7a41f21e",
  "fields": {
    "email": "",
    "mobile_number": "",
    "add_phone_number": "",
    "email_expiry_date": null,
    "sms_expiry_date": null,
    "magic_link_email": null,
    "magic_link_sms": null,
    "security_question": null,
    "security_answer": null
  }
},
{
  "model": "application.userdetails",
  "pk": "fe1ffd43-fa21-40ba-8001-e78ac8680aad",
  "fields": {
    "email": "cd@c.com",
    "mobile_number": "07824893361",
    "add_phone_number": "",
    "email_expiry_date": null,
    "sms_expiry_date": null,
    "magic_link_email": null,
    "magic_link_sms": null,
    "security_question": "test",
    "security_answer": "test"
  }
},
{
  "model": "application.userdetails",
  "pk": "fee39d25-c1be-4dff-842a-e495380a35f0",
  "fields": {
    "email": "",
    "mobile_number": "",
    "add_phone_number": "",
    "email_expiry_date": null,
    "sms_expiry_date": null,
    "magic_link_email": null,
    "magic_link_sms": null,
    "security_question": null,
    "security_answer": null
  }
},
{
  "model": "application.application",
  "pk": "0777f755-8e08-41e5-a4c4-13ae1aae5fc0",
  "fields": {
    "login_id": "e34948b0-7a50-4a5b-81db-b698df1a8f5f",
    "application_type": "CHILDMINDER",
    "application_status": "DRAFTING",
    "cygnum_urn": "",
    "login_details_status": "NOT_STARTED",
    "personal_details_status": "NOT_STARTED",
    "childcare_type_status": "NOT_STARTED",
    "first_aid_training_status": "NOT_STARTED",
    "eyfs_training_status": "COMPLETED",
    "criminal_record_check_status": "NOT_STARTED",
    "health_status": "NOT_STARTED",
    "references_status": "NOT_STARTED",
    "people_in_home_status": "NOT_STARTED",
    "adults_in_home": null,
    "children_in_home": null,
    "children_turning_16": null,
    "declarations_status": "NOT_STARTED",
    "background_check_declare": null,
    "inspect_home_declare": null,
    "interview_declare": null,
    "share_info_declare": null,
    "information_correct_declare": null,
    "change_declare": null,
    "date_created": "2018-03-28T15:53:44.654Z",
    "date_updated": "2018-03-28T15:53:44.654Z",
    "date_accepted": null,
    "order_code": null,
    "date_submitted": null
  }
},
{
  "model": "application.application",
  "pk": "08af9cc8-d87d-4bd0-b410-ce7c0872d669",
  "fields": {
    "login_id": "ed75dd49-de16-4340-bda2-da1530967f61",
    "application_type": "CHILDMINDER",
    "application_status": "DRAFTING",
    "cygnum_urn": "",
    "login_details_status": "COMPLETED",
    "personal_details_status": "IN_PROGRESS",
    "childcare_type_status": "COMPLETED",
    "first_aid_training_status": "NOT_STARTED",
    "eyfs_training_status": "COMPLETED",
    "criminal_record_check_status": "NOT_STARTED",
    "health_status": "NOT_STARTED",
    "references_status": "NOT_STARTED",
    "people_in_home_status": "NOT_STARTED",
    "adults_in_home": null,
    "children_in_home": null,
    "children_turning_16": null,
    "declarations_status": "NOT_STARTED",
    "background_check_declare": null,
    "inspect_home_declare": null,
    "interview_declare": null,
    "share_info_declare": null,
    "information_correct_declare": null,
    "change_declare": null,
    "date_created": "2018-03-28T14:03:58.724Z",
    "date_updated": "2018-03-28T14:04:08.292Z",
    "date_accepted": null,
    "order_code": null,
    "date_submitted": null
  }
},
{
  "model": "application.application",
  "pk": "2329aa13-cfc5-45a9-aeda-e61f44b04b4b",
  "fields": {
    "login_id": "f58fb628-41a6-439b-800a-ff2c05632701",
    "application_type": "CHILDMINDER",
    "application_status": "DRAFTING",
    "cygnum_urn": "",
    "login_details_status": "COMPLETED",
    "personal_details_status": "COMPLETED",
    "childcare_type_status": "COMPLETED",
    "first_aid_training_status": "COMPLETED",
    "eyfs_training_status": "COMPLETED",
    "criminal_record_check_status": "COMPLETED",
    "health_status": "COMPLETED",
    "references_status": "IN_PROGRESS",
    "people_in_home_status": "COMPLETED",
    "adults_in_home": false,
    "children_in_home": false,
    "children_turning_16": false,
    "declarations_status": "NOT_STARTED",
    "background_check_declare": null,
    "inspect_home_declare": null,
    "interview_declare": null,
    "share_info_declare": null,
    "information_correct_declare": null,
    "change_declare": null,
    "date_created": "2018-04-03T08:09:03.428Z",
    "date_updated": "2018-04-03T08:09:59.496Z",
    "date_accepted": null,
    "order_code": null,
    "date_submitted": null
  }
},
{
  "model": "application.application",
  "pk": "25d4d2f0-fe6d-441f-901f-3a0a64816464",
  "fields": {
    "login_id": "920a73ef-1745-4f09-876a-a96d59b287eb",
    "application_type": "CHILDMINDER",
    "application_status": "DRAFTING",
    "cygnum_urn": "",
    "login_details_status": "NOT_STARTED",
    "personal_details_status": "NOT_STARTED",
    "childcare_type_status": "NOT_STARTED",
    "first_aid_training_status": "NOT_STARTED",
    "eyfs_training_status": "COMPLETED",
    "criminal_record_check_status": "NOT_STARTED",
    "health_status": "NOT_STARTED",
    "references_status": "NOT_STARTED",
    "people_in_home_status": "NOT_STARTED",
    "adults_in_home": null,
    "children_in_home": null,
    "children_turning_16": null,
    "declarations_status": "NOT_STARTED",
    "background_check_declare": null,
    "inspect_home_declare": null,
    "interview_declare": null,
    "share_info_declare": null,
    "information_correct_declare": null,
    "change_declare": null,
    "date_created": "2018-03-28T15:15:42.596Z",
    "date_updated": "2018-03-28T15:15:46.841Z",
    "date_accepted": null,
    "order_code": null,
    "date_submitted": null
  }
},
{
  "model": "application.application",
  "pk": "50a014b9-08c1-4953-a3cc-cc814e63752a",
  "fields": {
    "login_id": "b9dd5f8a-958c-4c52-904b-2a6c08ebd83a",
    "application_type": "CHILDMINDER",
    "application_status": "ARC_REVIEW",
    "cygnum_urn": "",
    "login_details_status": "COMPLETED",
    "personal_details_status": "COMPLETED",
    "childcare_type_status": "COMPLETED",
    "first_aid_training_status": "COMPLETED",
    "eyfs_training_status": "FLAGGED",
    "criminal_record_check_status": "COMPLETED",
    "health_status": "COMPLETED",
    "references_status": "COMPLETED",
    "people_in_home_status": "COMPLETED",
    "adults_in_home": false,
    "children_in_home": false,
    "children_turning_16": false,
    "declarations_status": "NOT_STARTED",
    "background_check_declare": null,
    "inspect_home_declare": null,
    "interview_declare": null,
    "share_info_declare": null,
    "information_correct_declare": null,
    "change_declare": null,
    "date_created": "2018-03-29T08:20:37.615Z",
    "date_updated": "2018-04-04T08:38:13.231Z",
    "date_accepted": null,
    "order_code": "1e7611e6-f7fb-4e7c-816a-06806678d33f",
    "date_submitted": "2018-03-29T08:24:28.787Z"
  }
},
{
  "model": "application.application",
  "pk": "5529e560-d14b-45df-9973-942929c68c11",
  "fields": {
    "login_id": "7d23de00-3d60-4410-a557-0a9c54f21fa4",
    "application_type": "CHILDMINDER",
    "application_status": "DRAFTING",
    "cygnum_urn": "",
    "login_details_status": "NOT_STARTED",
    "personal_details_status": "NOT_STARTED",
    "childcare_type_status": "NOT_STARTED",
    "first_aid_training_status": "NOT_STARTED",
    "eyfs_training_status": "COMPLETED",
    "criminal_record_check_status": "NOT_STARTED",
    "health_status": "NOT_STARTED",
    "references_status": "NOT_STARTED",
    "people_in_home_status": "NOT_STARTED",
    "adults_in_home": null,
    "children_in_home": null,
    "children_turning_16": null,
    "declarations_status": "NOT_STARTED",
    "background_check_declare": null,
    "inspect_home_declare": null,
    "interview_declare": null,
    "share_info_declare": null,
    "information_correct_declare": null,
    "change_declare": null,
    "date_created": "2018-03-28T15:56:27.173Z",
    "date_updated": "2018-03-28T15:56:27.173Z",
    "date_accepted": null,
    "order_code": null,
    "date_submitted": null
  }
},
{
  "model": "application.application",
  "pk": "63a5d3dc-4379-4a28-8328-49710e8a85de",
  "fields": {
    "login_id": "dde4a31a-810c-405b-8ce7-8aad69fa4c7d",
    "application_type": "CHILDMINDER",
    "application_status": "COMPLETED",
    "cygnum_urn": "",
    "login_details_status": "COMPLETED",
    "personal_details_status": "COMPLETED",
    "childcare_type_status": "COMPLETED",
    "first_aid_training_status": "COMPLETED",
    "eyfs_training_status": "COMPLETED",
    "criminal_record_check_status": "COMPLETED",
    "health_status": "COMPLETED",
    "references_status": "FLAGGED",
    "people_in_home_status": "COMPLETED",
    "adults_in_home": false,
    "children_in_home": false,
    "children_turning_16": false,
    "declarations_status": "COMPLETED",
    "background_check_declare": true,
    "inspect_home_declare": true,
    "interview_declare": true,
    "share_info_declare": true,
    "information_correct_declare": true,
    "change_declare": null,
    "date_created": "2018-03-28T14:08:21.905Z",
    "date_updated": "2018-03-28T14:11:48.592Z",
    "date_accepted": null,
    "order_code": "27f03922-6d24-49c8-8f6c-6e0d0415b1e1",
    "date_submitted": "2018-03-28T14:13:49.166Z"
  }
},
{
  "model": "application.application",
  "pk": "74feab5d-6106-4d78-bc24-f2386a414294",
  "fields": {
    "login_id": "fee39d25-c1be-4dff-842a-e495380a35f0",
    "application_type": "CHILDMINDER",
    "application_status": "DRAFTING",
    "cygnum_urn": "",
    "login_details_status": "NOT_STARTED",
    "personal_details_status": "NOT_STARTED",
    "childcare_type_status": "NOT_STARTED",
    "first_aid_training_status": "NOT_STARTED",
    "eyfs_training_status": "COMPLETED",
    "criminal_record_check_status": "NOT_STARTED",
    "health_status": "NOT_STARTED",
    "references_status": "NOT_STARTED",
    "people_in_home_status": "NOT_STARTED",
    "adults_in_home": null,
    "children_in_home": null,
    "children_turning_16": null,
    "declarations_status": "NOT_STARTED",
    "background_check_declare": null,
    "inspect_home_declare": null,
    "interview_declare": null,
    "share_info_declare": null,
    "information_correct_declare": null,
    "change_declare": null,
    "date_created": "2018-03-28T15:54:30.746Z",
    "date_updated": "2018-03-28T15:54:30.746Z",
    "date_accepted": null,
    "order_code": null,
    "date_submitted": null
  }
},
{
  "model": "application.application",
  "pk": "787e187c-51c0-4887-84ce-2d2f11aea042",
  "fields": {
    "login_id": "592960b0-4516-4b25-b89e-413fbd2330f7",
    "application_type": "CHILDMINDER",
    "application_status": "DRAFTING",
    "cygnum_urn": "",
    "login_details_status": "COMPLETED",
    "personal_details_status": "NOT_STARTED",
    "childcare_type_status": "NOT_STARTED",
    "first_aid_training_status": "NOT_STARTED",
    "eyfs_training_status": "COMPLETED",
    "criminal_record_check_status": "NOT_STARTED",
    "health_status": "NOT_STARTED",
    "references_status": "NOT_STARTED",
    "people_in_home_status": "NOT_STARTED",
    "adults_in_home": null,
    "children_in_home": null,
    "children_turning_16": null,
    "declarations_status": "NOT_STARTED",
    "background_check_declare": null,
    "inspect_home_declare": null,
    "interview_declare": null,
    "share_info_declare": null,
    "information_correct_declare": null,
    "change_declare": null,
    "date_created": "2018-03-28T15:16:36.893Z",
    "date_updated": "2018-03-28T15:29:29.138Z",
    "date_accepted": null,
    "order_code": null,
    "date_submitted": null
  }
},
{
  "model": "application.application",
  "pk": "7b5cb139-f75c-4ed9-988d-e092ecf90e8e",
  "fields": {
    "login_id": "0a799d3a-dca6-42f9-b88d-9c2408bd2289",
    "application_type": "CHILDMINDER",
    "application_status": "DRAFTING",
    "cygnum_urn": "",
    "login_details_status": "COMPLETED",
    "personal_details_status": "NOT_STARTED",
    "childcare_type_status": "COMPLETED",
    "first_aid_training_status": "NOT_STARTED",
    "eyfs_training_status": "COMPLETED",
    "criminal_record_check_status": "COMPLETED",
    "health_status": "NOT_STARTED",
    "references_status": "NOT_STARTED",
    "people_in_home_status": "NOT_STARTED",
    "adults_in_home": null,
    "children_in_home": null,
    "children_turning_16": null,
    "declarations_status": "NOT_STARTED",
    "background_check_declare": null,
    "inspect_home_declare": null,
    "interview_declare": null,
    "share_info_declare": null,
    "information_correct_declare": null,
    "change_declare": null,
    "date_created": "2018-04-03T14:14:56.336Z",
    "date_updated": "2018-04-03T14:15:42.522Z",
    "date_accepted": null,
    "order_code": null,
    "date_submitted": null
  }
},
{
  "model": "application.application",
  "pk": "7bc76915-f3ef-41a6-8f47-ae262f42b573",
  "fields": {
    "login_id": "41a90404-3c78-4fd1-aa70-b7cd30a83b87",
    "application_type": "CHILDMINDER",
    "application_status": "DRAFTING",
    "cygnum_urn": "",
    "login_details_status": "NOT_STARTED",
    "personal_details_status": "NOT_STARTED",
    "childcare_type_status": "NOT_STARTED",
    "first_aid_training_status": "NOT_STARTED",
    "eyfs_training_status": "COMPLETED",
    "criminal_record_check_status": "NOT_STARTED",
    "health_status": "NOT_STARTED",
    "references_status": "NOT_STARTED",
    "people_in_home_status": "NOT_STARTED",
    "adults_in_home": null,
    "children_in_home": null,
    "children_turning_16": null,
    "declarations_status": "NOT_STARTED",
    "background_check_declare": null,
    "inspect_home_declare": null,
    "interview_declare": null,
    "share_info_declare": null,
    "information_correct_declare": null,
    "change_declare": null,
    "date_created": "2018-03-28T15:55:03.625Z",
    "date_updated": "2018-03-28T15:55:03.625Z",
    "date_accepted": null,
    "order_code": null,
    "date_submitted": null
  }
},
{
  "model": "application.application",
  "pk": "7dbb780b-cc2e-4d60-b4d7-3533026e48e4",
  "fields": {
    "login_id": "5fcd656a-9e43-466c-a591-dd7c573ba573",
    "application_type": "CHILDMINDER",
    "application_status": "DRAFTING",
    "cygnum_urn": "",
    "login_details_status": "NOT_STARTED",
    "personal_details_status": "NOT_STARTED",
    "childcare_type_status": "NOT_STARTED",
    "first_aid_training_status": "NOT_STARTED",
    "eyfs_training_status": "COMPLETED",
    "criminal_record_check_status": "NOT_STARTED",
    "health_status": "NOT_STARTED",
    "references_status": "NOT_STARTED",
    "people_in_home_status": "NOT_STARTED",
    "adults_in_home": null,
    "children_in_home": null,
    "children_turning_16": null,
    "declarations_status": "NOT_STARTED",
    "background_check_declare": null,
    "inspect_home_declare": null,
    "interview_declare": null,
    "share_info_declare": null,
    "information_correct_declare": null,
    "change_declare": null,
    "date_created": "2018-03-28T14:54:51.579Z",
    "date_updated": "2018-03-28T14:54:51.579Z",
    "date_accepted": null,
    "order_code": null,
    "date_submitted": null
  }
},
{
  "model": "application.application",
  "pk": "82117ef4-9270-43a0-84b5-db6810ccb636",
  "fields": {
    "login_id": "396e5086-b70a-4e07-b4bc-923d0a0cfc15",
    "application_type": "CHILDMINDER",
    "application_status": "DRAFTING",
    "cygnum_urn": "",
    "login_details_status": "NOT_STARTED",
    "personal_details_status": "NOT_STARTED",
    "childcare_type_status": "NOT_STARTED",
    "first_aid_training_status": "NOT_STARTED",
    "eyfs_training_status": "COMPLETED",
    "criminal_record_check_status": "NOT_STARTED",
    "health_status": "NOT_STARTED",
    "references_status": "NOT_STARTED",
    "people_in_home_status": "NOT_STARTED",
    "adults_in_home": null,
    "children_in_home": null,
    "children_turning_16": null,
    "declarations_status": "NOT_STARTED",
    "background_check_declare": null,
    "inspect_home_declare": null,
    "interview_declare": null,
    "share_info_declare": null,
    "information_correct_declare": null,
    "change_declare": null,
    "date_created": "2018-03-28T15:53:45.760Z",
    "date_updated": "2018-03-28T15:53:45.760Z",
    "date_accepted": null,
    "order_code": null,
    "date_submitted": null
  }
},
{
  "model": "application.application",
  "pk": "9d41af16-43fb-43ae-8656-902562a03e16",
  "fields": {
    "login_id": "96e3ec6a-44d2-44d6-af9e-dc29b5d2818b",
    "application_type": "CHILDMINDER",
    "application_status": "DRAFTING",
    "cygnum_urn": "",
    "login_details_status": "NOT_STARTED",
    "personal_details_status": "NOT_STARTED",
    "childcare_type_status": "NOT_STARTED",
    "first_aid_training_status": "NOT_STARTED",
    "eyfs_training_status": "COMPLETED",
    "criminal_record_check_status": "NOT_STARTED",
    "health_status": "NOT_STARTED",
    "references_status": "NOT_STARTED",
    "people_in_home_status": "NOT_STARTED",
    "adults_in_home": null,
    "children_in_home": null,
    "children_turning_16": null,
    "declarations_status": "NOT_STARTED",
    "background_check_declare": null,
    "inspect_home_declare": null,
    "interview_declare": null,
    "share_info_declare": null,
    "information_correct_declare": null,
    "change_declare": null,
    "date_created": "2018-03-28T14:54:57.935Z",
    "date_updated": "2018-03-28T14:54:57.935Z",
    "date_accepted": null,
    "order_code": null,
    "date_submitted": null
  }
},
{
  "model": "application.application",
  "pk": "9f50e150-c13a-4350-8e21-39a8422c6d4d",
  "fields": {
    "login_id": "13ed5b4a-e7f6-419d-ba12-302a0cd5423d",
    "application_type": "CHILDMINDER",
    "application_status": "DRAFTING",
    "cygnum_urn": "",
    "login_details_status": "COMPLETED",
    "personal_details_status": "IN_PROGRESS",
    "childcare_type_status": "COMPLETED",
    "first_aid_training_status": "NOT_STARTED",
    "eyfs_training_status": "COMPLETED",
    "criminal_record_check_status": "NOT_STARTED",
    "health_status": "NOT_STARTED",
    "references_status": "NOT_STARTED",
    "people_in_home_status": "NOT_STARTED",
    "adults_in_home": null,
    "children_in_home": null,
    "children_turning_16": null,
    "declarations_status": "NOT_STARTED",
    "background_check_declare": null,
    "inspect_home_declare": null,
    "interview_declare": null,
    "share_info_declare": null,
    "information_correct_declare": null,
    "change_declare": null,
    "date_created": "2018-03-29T16:10:19.912Z",
    "date_updated": "2018-03-29T16:11:12.403Z",
    "date_accepted": null,
    "order_code": null,
    "date_submitted": null
  }
},
{
  "model": "application.application",
  "pk": "a4753da8-0593-4fd3-8224-48f82e84426e",
  "fields": {
    "login_id": "a1223146-8551-439f-b72b-187a35692eda",
    "application_type": "CHILDMINDER",
    "application_status": "DRAFTING",
    "cygnum_urn": "",
    "login_details_status": "NOT_STARTED",
    "personal_details_status": "NOT_STARTED",
    "childcare_type_status": "NOT_STARTED",
    "first_aid_training_status": "NOT_STARTED",
    "eyfs_training_status": "COMPLETED",
    "criminal_record_check_status": "NOT_STARTED",
    "health_status": "NOT_STARTED",
    "references_status": "NOT_STARTED",
    "people_in_home_status": "NOT_STARTED",
    "adults_in_home": null,
    "children_in_home": null,
    "children_turning_16": null,
    "declarations_status": "NOT_STARTED",
    "background_check_declare": null,
    "inspect_home_declare": null,
    "interview_declare": null,
    "share_info_declare": null,
    "information_correct_declare": null,
    "change_declare": null,
    "date_created": "2018-03-28T15:56:06.878Z",
    "date_updated": "2018-03-28T15:56:06.878Z",
    "date_accepted": null,
    "order_code": null,
    "date_submitted": null
  }
},
{
  "model": "application.application",
  "pk": "c1b5e667-2c5e-49bc-b3a8-4acad3b07e0b",
  "fields": {
    "login_id": "fb727008-0f22-44df-b55a-2f2b7a41f21e",
    "application_type": "CHILDMINDER",
    "application_status": "DRAFTING",
    "cygnum_urn": "",
    "login_details_status": "NOT_STARTED",
    "personal_details_status": "NOT_STARTED",
    "childcare_type_status": "NOT_STARTED",
    "first_aid_training_status": "NOT_STARTED",
    "eyfs_training_status": "COMPLETED",
    "criminal_record_check_status": "NOT_STARTED",
    "health_status": "NOT_STARTED",
    "references_status": "NOT_STARTED",
    "people_in_home_status": "NOT_STARTED",
    "adults_in_home": null,
    "children_in_home": null,
    "children_turning_16": null,
    "declarations_status": "NOT_STARTED",
    "background_check_declare": null,
    "inspect_home_declare": null,
    "interview_declare": null,
    "share_info_declare": null,
    "information_correct_declare": null,
    "change_declare": null,
    "date_created": "2018-03-28T15:54:22.556Z",
    "date_updated": "2018-03-28T15:54:22.556Z",
    "date_accepted": null,
    "order_code": null,
    "date_submitted": null
  }
},
{
  "model": "application.application",
  "pk": "c6a9efcb-f9e1-41d1-9ce8-594d438254c3",
  "fields": {
    "login_id": "3c01d8d2-3d2f-4e5b-97ca-7ca7982d5f9d",
    "application_type": "CHILDMINDER",
    "application_status": "DRAFTING",
    "cygnum_urn": "",
    "login_details_status": "COMPLETED",
    "personal_details_status": "COMPLETED",
    "childcare_type_status": "COMPLETED",
    "first_aid_training_status": "COMPLETED",
    "eyfs_training_status": "COMPLETED",
    "criminal_record_check_status": "COMPLETED",
    "health_status": "COMPLETED",
    "references_status": "IN_PROGRESS",
    "people_in_home_status": "COMPLETED",
    "adults_in_home": false,
    "children_in_home": false,
    "children_turning_16": false,
    "declarations_status": "NOT_STARTED",
    "background_check_declare": null,
    "inspect_home_declare": null,
    "interview_declare": null,
    "share_info_declare": null,
    "information_correct_declare": null,
    "change_declare": null,
    "date_created": "2018-03-28T14:37:43.179Z",
    "date_updated": "2018-03-28T14:42:22.300Z",
    "date_accepted": null,
    "order_code": null,
    "date_submitted": null
  }
},
{
  "model": "application.application",
  "pk": "c8dbc749-5c3a-4401-91ce-ddbcb222546f",
  "fields": {
    "login_id": "2685fccc-ba30-409e-ab2e-9d207c3f358b",
    "application_type": "CHILDMINDER",
    "application_status": "DRAFTING",
    "cygnum_urn": "",
    "login_details_status": "NOT_STARTED",
    "personal_details_status": "NOT_STARTED",
    "childcare_type_status": "NOT_STARTED",
    "first_aid_training_status": "NOT_STARTED",
    "eyfs_training_status": "COMPLETED",
    "criminal_record_check_status": "NOT_STARTED",
    "health_status": "NOT_STARTED",
    "references_status": "NOT_STARTED",
    "people_in_home_status": "NOT_STARTED",
    "adults_in_home": null,
    "children_in_home": null,
    "children_turning_16": null,
    "declarations_status": "NOT_STARTED",
    "background_check_declare": null,
    "inspect_home_declare": null,
    "interview_declare": null,
    "share_info_declare": null,
    "information_correct_declare": null,
    "change_declare": null,
    "date_created": "2018-03-28T15:13:58.104Z",
    "date_updated": "2018-03-28T15:14:01.818Z",
    "date_accepted": null,
    "order_code": null,
    "date_submitted": null
  }
},
{
  "model": "application.application",
  "pk": "f0ef19b8-993f-42f2-9225-b23ca7f32ab1",
  "fields": {
    "login_id": "fe1ffd43-fa21-40ba-8001-e78ac8680aad",
    "application_type": "CHILDMINDER",
    "application_status": "DRAFTING",
    "cygnum_urn": "",
    "login_details_status": "COMPLETED",
    "personal_details_status": "NOT_STARTED",
    "childcare_type_status": "IN_PROGRESS",
    "first_aid_training_status": "NOT_STARTED",
    "eyfs_training_status": "COMPLETED",
    "criminal_record_check_status": "NOT_STARTED",
    "health_status": "NOT_STARTED",
    "references_status": "NOT_STARTED",
    "people_in_home_status": "NOT_STARTED",
    "adults_in_home": null,
    "children_in_home": null,
    "children_turning_16": null,
    "declarations_status": "NOT_STARTED",
    "background_check_declare": null,
    "inspect_home_declare": null,
    "interview_declare": null,
    "share_info_declare": null,
    "information_correct_declare": null,
    "change_declare": null,
    "date_created": "2018-04-03T09:47:36.463Z",
    "date_updated": "2018-04-03T09:47:38.816Z",
    "date_accepted": null,
    "order_code": null,
    "date_submitted": null
  }
},
{
  "model": "application.application",
  "pk": "f38c5216-9071-40e4-8455-17f3dd33f38f",
  "fields": {
    "login_id": "ac691328-5967-428c-b774-74611fc403c4",
    "application_type": "CHILDMINDER",
    "application_status": "DRAFTING",
    "cygnum_urn": "",
    "login_details_status": "NOT_STARTED",
    "personal_details_status": "NOT_STARTED",
    "childcare_type_status": "NOT_STARTED",
    "first_aid_training_status": "NOT_STARTED",
    "eyfs_training_status": "COMPLETED",
    "criminal_record_check_status": "NOT_STARTED",
    "health_status": "NOT_STARTED",
    "references_status": "NOT_STARTED",
    "people_in_home_status": "NOT_STARTED",
    "adults_in_home": null,
    "children_in_home": null,
    "children_turning_16": null,
    "declarations_status": "NOT_STARTED",
    "background_check_declare": null,
    "inspect_home_declare": null,
    "interview_declare": null,
    "share_info_declare": null,
    "information_correct_declare": null,
    "change_declare": null,
    "date_created": "2018-03-28T15:04:48.491Z",
    "date_updated": "2018-03-28T15:04:48.491Z",
    "date_accepted": null,
    "order_code": null,
    "date_submitted": null
  }
},
{
  "model": "application.application",
  "pk": "fd49fa7b-5c24-47c0-9d64-7bb178921f88",
  "fields": {
    "login_id": "66b9016d-84b0-4a96-8547-91ac47a5bde9",
    "application_type": "CHILDMINDER",
    "application_status": "DRAFTING",
    "cygnum_urn": "",
    "login_details_status": "NOT_STARTED",
    "personal_details_status": "NOT_STARTED",
    "childcare_type_status": "NOT_STARTED",
    "first_aid_training_status": "NOT_STARTED",
    "eyfs_training_status": "COMPLETED",
    "criminal_record_check_status": "NOT_STARTED",
    "health_status": "NOT_STARTED",
    "references_status": "NOT_STARTED",
    "people_in_home_status": "NOT_STARTED",
    "adults_in_home": null,
    "children_in_home": null,
    "children_turning_16": null,
    "declarations_status": "NOT_STARTED",
    "background_check_declare": null,
    "inspect_home_declare": null,
    "interview_declare": null,
    "share_info_declare": null,
    "information_correct_declare": null,
    "change_declare": null,
    "date_created": "2018-03-28T14:55:14.158Z",
    "date_updated": "2018-03-28T14:55:35.296Z",
    "date_accepted": null,
    "order_code": null,
    "date_submitted": null
  }
},
{
  "model": "application.applicantpersonaldetails",
  "pk": "0aea479c-b28d-4dc7-b862-9be928ce615d",
  "fields": {
    "application_id": "50a014b9-08c1-4953-a3cc-cc814e63752a",
    "birth_day": 22,
    "birth_month": 1,
    "birth_year": 1991
  }
},
{
  "model": "application.applicantpersonaldetails",
  "pk": "0b665107-98d7-4a26-a290-d7dc392682d7",
  "fields": {
    "application_id": "08af9cc8-d87d-4bd0-b410-ce7c0872d669",
    "birth_day": 22,
    "birth_month": 1,
    "birth_year": 1991
  }
},
{
  "model": "application.applicantpersonaldetails",
  "pk": "33507618-c918-4a11-95b0-5083ca2917b7",
  "fields": {
    "application_id": "2329aa13-cfc5-45a9-aeda-e61f44b04b4b",
    "birth_day": 22,
    "birth_month": 1,
    "birth_year": 1991
  }
},
{
  "model": "application.applicantpersonaldetails",
  "pk": "c8550d61-9f23-4ce9-bab1-a14375817809",
  "fields": {
    "application_id": "c6a9efcb-f9e1-41d1-9ce8-594d438254c3",
    "birth_day": 22,
    "birth_month": 1,
    "birth_year": 1991
  }
},
{
  "model": "application.applicantpersonaldetails",
  "pk": "d0cd6e1c-e54a-41e8-a8ae-b36535944101",
  "fields": {
    "application_id": "9f50e150-c13a-4350-8e21-39a8422c6d4d",
    "birth_day": 22,
    "birth_month": 1,
    "birth_year": 1991
  }
},
{
  "model": "application.applicantpersonaldetails",
  "pk": "d1e9c13d-48e0-4c0e-8500-859f8f4c49fa",
  "fields": {
    "application_id": "63a5d3dc-4379-4a28-8328-49710e8a85de",
    "birth_day": 22,
    "birth_month": 1,
    "birth_year": 1991
  }
},
{
  "model": "application.applicanthomeaddress",
  "pk": "004fb9e3-d5a0-433e-b9c8-6d21ff73b91c",
  "fields": {
    "personal_detail_id": "c8550d61-9f23-4ce9-bab1-a14375817809",
    "application_id": "c6a9efcb-f9e1-41d1-9ce8-594d438254c3",
    "street_line1": "a",
    "street_line2": "",
    "town": "a",
    "county": "",
    "country": "",
    "postcode": "WA14 5GQ",
    "childcare_address": true,
    "current_address": true,
    "move_in_month": 0,
    "move_in_year": 0
  }
},
{
  "model": "application.applicanthomeaddress",
  "pk": "238dcad3-c67f-4d6b-bf4f-7dd4b466f0a3",
  "fields": {
    "personal_detail_id": "d1e9c13d-48e0-4c0e-8500-859f8f4c49fa",
    "application_id": "63a5d3dc-4379-4a28-8328-49710e8a85de",
    "street_line1": "a",
    "street_line2": "a",
    "town": "a",
    "county": "a",
    "country": "",
    "postcode": "WA14 5GQ",
    "childcare_address": true,
    "current_address": true,
    "move_in_month": 0,
    "move_in_year": 0
  }
},
{
  "model": "application.applicanthomeaddress",
  "pk": "9d212061-700f-43c3-a9d6-44235b12d8ab",
  "fields": {
    "personal_detail_id": "0aea479c-b28d-4dc7-b862-9be928ce615d",
    "application_id": "50a014b9-08c1-4953-a3cc-cc814e63752a",
    "street_line1": "a",
    "street_line2": "a",
    "town": "a",
    "county": "",
    "country": "",
    "postcode": "WA14 5GQ",
    "childcare_address": true,
    "current_address": true,
    "move_in_month": 0,
    "move_in_year": 0
  }
},
{
  "model": "application.applicanthomeaddress",
  "pk": "bed4167e-cc2d-4c8f-a0ac-2276c7baba5c",
  "fields": {
    "personal_detail_id": "d0cd6e1c-e54a-41e8-a8ae-b36535944101",
    "application_id": "9f50e150-c13a-4350-8e21-39a8422c6d4d",
    "street_line1": "a",
    "street_line2": "",
    "town": "a",
    "county": "",
    "country": "",
    "postcode": "WA14 5GQ",
    "childcare_address": false,
    "current_address": true,
    "move_in_month": 0,
    "move_in_year": 0
  }
},
{
  "model": "application.applicanthomeaddress",
  "pk": "c968e0b8-9aff-40c3-ba7f-3a66daa219fd",
  "fields": {
    "personal_detail_id": "33507618-c918-4a11-95b0-5083ca2917b7",
    "application_id": "2329aa13-cfc5-45a9-aeda-e61f44b04b4b",
    "street_line1": "a",
    "street_line2": "",
    "town": "a",
    "county": "",
    "country": "",
    "postcode": "WA14 5GQ",
    "childcare_address": true,
    "current_address": true,
    "move_in_month": 0,
    "move_in_year": 0
  }
},
{
  "model": "application.applicantname",
  "pk": "44915501-256f-4a01-8312-72c4499bb2a8",
  "fields": {
    "personal_detail_id": "d1e9c13d-48e0-4c0e-8500-859f8f4c49fa",
    "application_id": "63a5d3dc-4379-4a28-8328-49710e8a85de",
    "current_name": true,
    "first_name": "James",
    "middle_names": "",
    "last_name": "Cruddas"
  }
},
{
  "model": "application.applicantname",
  "pk": "66f780c5-8039-4ccd-a2b4-ce64be74ffd0",
  "fields": {
    "personal_detail_id": "0aea479c-b28d-4dc7-b862-9be928ce615d",
    "application_id": "50a014b9-08c1-4953-a3cc-cc814e63752a",
    "current_name": true,
    "first_name": "James",
    "middle_names": "",
    "last_name": "Cruddas"
  }
},
{
  "model": "application.applicantname",
  "pk": "6f0d4573-6593-4601-9f38-8caa23f31b8c",
  "fields": {
    "personal_detail_id": "c8550d61-9f23-4ce9-bab1-a14375817809",
    "application_id": "c6a9efcb-f9e1-41d1-9ce8-594d438254c3",
    "current_name": true,
    "first_name": "James",
    "middle_names": "",
    "last_name": "Cruddas"
  }
},
{
  "model": "application.applicantname",
  "pk": "c27db43b-2e8d-40ad-8fa1-1ceb0ad5ba45",
  "fields": {
    "personal_detail_id": "0b665107-98d7-4a26-a290-d7dc392682d7",
    "application_id": "08af9cc8-d87d-4bd0-b410-ce7c0872d669",
    "current_name": true,
    "first_name": "James",
    "middle_names": "",
    "last_name": "Cruddas"
  }
},
{
  "model": "application.applicantname",
  "pk": "dba76b31-5750-4a29-ba6d-42c80926dff7",
  "fields": {
    "personal_detail_id": "33507618-c918-4a11-95b0-5083ca2917b7",
    "application_id": "2329aa13-cfc5-45a9-aeda-e61f44b04b4b",
    "current_name": true,
    "first_name": "James",
    "middle_names": "",
    "last_name": "Cruddas"
  }
},
{
  "model": "application.applicantname",
  "pk": "f1816c08-76a5-4ea1-9f0f-1d28858ae158",
  "fields": {
    "personal_detail_id": "d0cd6e1c-e54a-41e8-a8ae-b36535944101",
    "application_id": "9f50e150-c13a-4350-8e21-39a8422c6d4d",
    "current_name": true,
    "first_name": "James",
    "middle_names": "",
    "last_name": "Cruddas"
  }
},
{
  "model": "application.arc",
  "pk": "50a014b9-08c1-4953-a3cc-cc814e63752a",
  "fields": {
    "user_id": "2",
    "last_accessed": "04/04/2018",
    "app_type": "Childminder",
    "comments": "",
    "login_details_review": "FLAGGED",
    "childcare_type_review": "COMPLETED",
    "personal_details_review": "FLAGGED",
    "first_aid_review": "FLAGGED",
    "dbs_review": "FLAGGED",
    "health_review": "COMPLETED",
    "references_review": "FLAGGED",
    "people_in_home_review": "FLAGGED"
  }
},
{
  "model": "application.arc",
  "pk": "63a5d3dc-4379-4a28-8328-49710e8a85de",
  "fields": {
    "user_id": "",
    "last_accessed": "28/03/2018",
    "app_type": "Childminder",
    "comments": "",
    "login_details_review": "COMPLETED",
    "childcare_type_review": "COMPLETED",
    "personal_details_review": "COMPLETED",
    "first_aid_review": "COMPLETED",
    "dbs_review": "COMPLETED",
    "health_review": "COMPLETED",
    "references_review": "COMPLETED",
    "people_in_home_review": "FLAGGED"
  }
},
{
  "model": "application.arccomments",
  "pk": 1,
  "fields": {
    "table_pk": "b9dd5f8a-958c-4c52-904b-2a6c08ebd83a",
    "table_name": "USER_DETAILS",
    "field_name": "mobile_number",
    "comment": "ad",
    "flagged": true
  }
},
{
  "model": "application.arccomments",
  "pk": 2,
  "fields": {
    "table_pk": "b9dd5f8a-958c-4c52-904b-2a6c08ebd83a",
    "table_name": "USER_DETAILS",
    "field_name": "add_phone_number",
    "comment": "a",
    "flagged": true
  }
},
{
  "model": "application.arccomments",
  "pk": 3,
  "fields": {
    "table_pk": "b9dd5f8a-958c-4c52-904b-2a6c08ebd83a",
    "table_name": "USER_DETAILS",
    "field_name": "email_address",
    "comment": "a1",
    "flagged": true
  }
},
{
  "model": "application.arccomments",
  "pk": 4,
  "fields": {
    "table_pk": "b9dd5f8a-958c-4c52-904b-2a6c08ebd83a",
    "table_name": "USER_DETAILS",
    "field_name": "security_question",
    "comment": "a2",
    "flagged": true
  }
},
{
  "model": "application.arccomments",
  "pk": 5,
  "fields": {
    "table_pk": "b9dd5f8a-958c-4c52-904b-2a6c08ebd83a",
    "table_name": "USER_DETAILS",
    "field_name": "security_answer",
    "comment": "a",
    "flagged": true
  }
},
{
  "model": "application.arccomments",
  "pk": 12,
  "fields": {
    "table_pk": "cfcee071-e88c-473d-bec1-5f903db83406",
    "table_name": "CRIMINAL_RECORD_CHECK",
    "field_name": "dbs_certificate_number",
    "comment": "a",
    "flagged": true
  }
},
{
  "model": "application.arccomments",
  "pk": 13,
  "fields": {
    "table_pk": "cfcee071-e88c-473d-bec1-5f903db83406",
    "table_name": "CRIMINAL_RECORD_CHECK",
    "field_name": "dbs_submission_consent",
    "comment": "a",
    "flagged": true
  }
},
{
  "model": "application.arccomments",
  "pk": 15,
  "fields": {
    "table_pk": "1189fd4c-fba9-4891-8566-fb524202e353",
    "table_name": "REFERENCE",
    "field_name": "relationship",
    "comment": "a",
    "flagged": false
  }
},
{
  "model": "application.arccomments",
  "pk": 16,
  "fields": {
    "table_pk": "1189fd4c-fba9-4891-8566-fb524202e353",
    "table_name": "REFERENCE",
    "field_name": "email_address",
    "comment": "a",
    "flagged": true
  }
},
{
  "model": "application.arccomments",
  "pk": 17,
  "fields": {
    "table_pk": "1189fd4c-fba9-4891-8566-fb524202e353",
    "table_name": "REFERENCE",
    "field_name": "phone_number",
    "comment": "a",
    "flagged": true
  }
},
{
  "model": "application.arccomments",
  "pk": 20,
  "fields": {
    "table_pk": "1189fd4c-fba9-4891-8566-fb524202e353",
    "table_name": "REFERENCE",
    "field_name": "address",
    "comment": "a",
    "flagged": false
  }
},
{
  "model": "application.arccomments",
  "pk": 27,
  "fields": {
    "table_pk": "50a014b9-08c1-4953-a3cc-cc814e63752a",
    "table_name": "APPLICATION",
    "field_name": "adults_in_home",
    "comment": "a",
    "flagged": true
  }
},
{
  "model": "application.arccomments",
  "pk": 28,
  "fields": {
    "table_pk": "50a014b9-08c1-4953-a3cc-cc814e63752a",
    "table_name": "APPLICATION",
    "field_name": "children_in_home",
    "comment": "a",
    "flagged": true
  }
},
{
  "model": "application.arccomments",
  "pk": 30,
  "fields": {
    "table_pk": "63a5d3dc-4379-4a28-8328-49710e8a85de",
    "table_name": "APPLICATION",
    "field_name": "children_in_home",
    "comment": "",
    "flagged": true
  }
},
{
  "model": "application.arccomments",
  "pk": 31,
  "fields": {
    "table_pk": "66f780c5-8039-4ccd-a2b4-ce64be74ffd0",
    "table_name": "APPLICANT_NAME",
    "field_name": "name",
    "comment": "a",
    "flagged": true
  }
},
{
  "model": "application.arccomments",
  "pk": 32,
  "fields": {
    "table_pk": "0aea479c-b28d-4dc7-b862-9be928ce615d",
    "table_name": "APPLICANT_PERSONAL_DETAILS",
    "field_name": "date_of_birth",
    "comment": "a",
    "flagged": true
  }
},
{
  "model": "application.arccomments",
  "pk": 33,
  "fields": {
    "table_pk": "9d212061-700f-43c3-a9d6-44235b12d8ab",
    "table_name": "APPLICANT_HOME_ADDRESS",
    "field_name": "childcare_location",
    "comment": "a",
    "flagged": true
  }
},
{
  "model": "application.arccomments",
  "pk": 34,
  "fields": {
    "table_pk": "9d212061-700f-43c3-a9d6-44235b12d8ab",
    "table_name": "APPLICANT_HOME_ADDRESS",
    "field_name": "home_address",
    "comment": "a",
    "flagged": true
  }
},
{
  "model": "application.arccomments",
  "pk": 35,
  "fields": {
    "table_pk": "b4804752-9b88-433b-b9bd-b596e45f2c18",
    "table_name": "FIRST_AID_TRAINING",
    "field_name": "first_aid_training_organisation",
    "comment": "a",
    "flagged": true
  }
},
{
  "model": "application.arccomments",
  "pk": 36,
  "fields": {
    "table_pk": "b4804752-9b88-433b-b9bd-b596e45f2c18",
    "table_name": "FIRST_AID_TRAINING",
    "field_name": "course_date",
    "comment": "a",
    "flagged": true
  }
},
{
  "model": "application.arccomments",
  "pk": 37,
  "fields": {
    "table_pk": "1189fd4c-fba9-4891-8566-fb524202e353",
    "table_name": "REFERENCE",
    "field_name": "full_name",
    "comment": "a",
    "flagged": false
  }
},
{
  "model": "application.arccomments",
  "pk": 38,
  "fields": {
    "table_pk": "1189fd4c-fba9-4891-8566-fb524202e353",
    "table_name": "REFERENCE",
    "field_name": "time_known",
    "comment": "a",
    "flagged": false
  }
},
{
  "model": "application.arccomments",
  "pk": 39,
  "fields": {
    "table_pk": "328c8450-9092-41fe-9107-e272b2bc73a6",
    "table_name": "REFERENCE",
    "field_name": "full_name",
    "comment": "a",
    "flagged": false
  }
},
{
  "model": "application.arccomments",
  "pk": 40,
  "fields": {
    "table_pk": "328c8450-9092-41fe-9107-e272b2bc73a6",
    "table_name": "REFERENCE",
    "field_name": "address",
    "comment": "a",
    "flagged": false
  }
},
{
  "model": "application.arccomments",
  "pk": 41,
  "fields": {
    "table_pk": "328c8450-9092-41fe-9107-e272b2bc73a6",
    "table_name": "REFERENCE",
    "field_name": "time_known",
    "comment": "a",
    "flagged": false
  }
},
{
  "model": "application.arccomments",
  "pk": 42,
  "fields": {
    "table_pk": "328c8450-9092-41fe-9107-e272b2bc73a6",
    "table_name": "REFERENCE",
    "field_name": "relationship",
    "comment": "a",
    "flagged": false
  }
},
{
  "model": "application.arccomments",
  "pk": 43,
  "fields": {
    "table_pk": "328c8450-9092-41fe-9107-e272b2bc73a6",
    "table_name": "REFERENCE",
    "field_name": "email_address",
    "comment": "a",
    "flagged": false
  }
},
{
  "model": "application.arccomments",
  "pk": 44,
  "fields": {
    "table_pk": "328c8450-9092-41fe-9107-e272b2bc73a6",
    "table_name": "REFERENCE",
    "field_name": "phone_number",
    "comment": "a",
    "flagged": false
  }
},
{
  "model": "application.childcaretype",
  "pk": "198ce441-566b-4a3d-9fc3-0cfc81dbb98e",
  "fields": {
    "application_id": "63a5d3dc-4379-4a28-8328-49710e8a85de",
    "zero_to_five": true,
    "five_to_eight": true,
    "eight_plus": false,
    "overnight_care": null
  }
},
{
  "model": "application.childcaretype",
  "pk": "23d35a2d-3330-4da2-ab0a-cb6af2ab1707",
  "fields": {
    "application_id": "9f50e150-c13a-4350-8e21-39a8422c6d4d",
    "zero_to_five": true,
    "five_to_eight": true,
    "eight_plus": false,
    "overnight_care": null
  }
},
{
  "model": "application.childcaretype",
  "pk": "2aa3612a-65b8-4678-8c1f-4c4b502252a0",
  "fields": {
    "application_id": "2329aa13-cfc5-45a9-aeda-e61f44b04b4b",
    "zero_to_five": true,
    "five_to_eight": true,
    "eight_plus": false,
    "overnight_care": null
  }
},
{
  "model": "application.childcaretype",
  "pk": "49d5130c-326b-43ee-8e11-3b38075bc703",
  "fields": {
    "application_id": "50a014b9-08c1-4953-a3cc-cc814e63752a",
    "zero_to_five": true,
    "five_to_eight": true,
    "eight_plus": false,
    "overnight_care": false
  }
},
{
  "model": "application.childcaretype",
  "pk": "8f56f2d2-b026-4954-a054-7f4177b706f8",
  "fields": {
    "application_id": "08af9cc8-d87d-4bd0-b410-ce7c0872d669",
    "zero_to_five": true,
    "five_to_eight": true,
    "eight_plus": false,
    "overnight_care": null
  }
},
{
  "model": "application.childcaretype",
  "pk": "a4d48721-c290-4db0-b924-70a130c58892",
  "fields": {
    "application_id": "c6a9efcb-f9e1-41d1-9ce8-594d438254c3",
    "zero_to_five": true,
    "five_to_eight": true,
    "eight_plus": false,
    "overnight_care": null
  }
},
{
  "model": "application.childcaretype",
  "pk": "ad9d4b74-783a-4673-b70b-dd83634935a2",
  "fields": {
    "application_id": "7b5cb139-f75c-4ed9-988d-e092ecf90e8e",
    "zero_to_five": false,
    "five_to_eight": true,
    "eight_plus": false,
    "overnight_care": null
  }
},
{
  "model": "application.criminalrecordcheck",
  "pk": "595dbdeb-9b32-4259-87c0-c1a3651c50ed",
  "fields": {
    "application_id": "2329aa13-cfc5-45a9-aeda-e61f44b04b4b",
    "dbs_certificate_number": "121212121212",
    "cautions_convictions": false,
    "send_certificate_declare": null
  }
},
{
  "model": "application.criminalrecordcheck",
  "pk": "7dbd9e64-a66b-4c12-9cf0-40de102df844",
  "fields": {
    "application_id": "7b5cb139-f75c-4ed9-988d-e092ecf90e8e",
    "dbs_certificate_number": "111111111111",
    "cautions_convictions": false,
    "send_certificate_declare": null
  }
},
{
  "model": "application.criminalrecordcheck",
  "pk": "cfcee071-e88c-473d-bec1-5f903db83406",
  "fields": {
    "application_id": "50a014b9-08c1-4953-a3cc-cc814e63752a",
    "dbs_certificate_number": "121212121212",
    "cautions_convictions": false,
    "send_certificate_declare": null
  }
},
{
  "model": "application.criminalrecordcheck",
  "pk": "f4c027c9-d8cd-45bd-bfd4-7875dc19b2c2",
  "fields": {
    "application_id": "63a5d3dc-4379-4a28-8328-49710e8a85de",
    "dbs_certificate_number": "121212121212",
    "cautions_convictions": false,
    "send_certificate_declare": null
  }
},
{
  "model": "application.criminalrecordcheck",
  "pk": "ff7d67ca-cbcb-4482-b077-af672a81fa74",
  "fields": {
    "application_id": "c6a9efcb-f9e1-41d1-9ce8-594d438254c3",
    "dbs_certificate_number": "121212121212",
    "cautions_convictions": false,
    "send_certificate_declare": null
  }
},
{
  "model": "application.firstaidtraining",
  "pk": "b4804752-9b88-433b-b9bd-b596e45f2c18",
  "fields": {
    "application_id": "50a014b9-08c1-4953-a3cc-cc814e63752a",
    "training_organisation": "JMC Training",
    "course_title": "Test",
    "course_day": 22,
    "course_month": 1,
    "course_year": 2018,
    "show_certificate": true,
    "renew_certificate": false
  }
},
{
  "model": "application.firstaidtraining",
  "pk": "be86953b-318a-4e45-b89d-7f0997693ea4",
  "fields": {
    "application_id": "63a5d3dc-4379-4a28-8328-49710e8a85de",
    "training_organisation": "JMC Training",
    "course_title": "Test",
    "course_day": 22,
    "course_month": 1,
    "course_year": 2018,
    "show_certificate": true,
    "renew_certificate": false
  }
},
{
  "model": "application.firstaidtraining",
  "pk": "eb56ab19-fc6b-4a4e-8cef-f126fd8401c0",
  "fields": {
    "application_id": "2329aa13-cfc5-45a9-aeda-e61f44b04b4b",
    "training_organisation": "JMC Training",
    "course_title": "Test",
    "course_day": 22,
    "course_month": 1,
    "course_year": 2018,
    "show_certificate": true,
    "renew_certificate": false
  }
},
{
  "model": "application.firstaidtraining",
  "pk": "ed230fb4-6ee1-492a-85e4-578fd0160726",
  "fields": {
    "application_id": "c6a9efcb-f9e1-41d1-9ce8-594d438254c3",
    "training_organisation": "JMC Training",
    "course_title": "Test",
    "course_day": 22,
    "course_month": 1,
    "course_year": 2018,
    "show_certificate": true,
    "renew_certificate": false
  }
},
{
  "model": "application.healthdeclarationbooklet",
  "pk": "750a8e52-ec81-4300-92de-6df29faea420",
  "fields": {
    "application_id": "50a014b9-08c1-4953-a3cc-cc814e63752a",
    "send_hdb_declare": true
  }
},
{
  "model": "application.healthdeclarationbooklet",
  "pk": "926e4616-831a-41ea-9ec0-07208e516a44",
  "fields": {
    "application_id": "2329aa13-cfc5-45a9-aeda-e61f44b04b4b",
    "send_hdb_declare": true
  }
},
{
  "model": "application.healthdeclarationbooklet",
  "pk": "9eb689b5-fdf7-4c4c-872e-8ad654c3c3b7",
  "fields": {
    "application_id": "c6a9efcb-f9e1-41d1-9ce8-594d438254c3",
    "send_hdb_declare": true
  }
},
{
  "model": "application.healthdeclarationbooklet",
  "pk": "ee500abc-fffb-4da3-a4e8-5e2fd06e96f6",
  "fields": {
    "application_id": "63a5d3dc-4379-4a28-8328-49710e8a85de",
    "send_hdb_declare": true
  }
},
{
  "model": "application.reference",
  "pk": "1189fd4c-fba9-4891-8566-fb524202e353",
  "fields": {
    "application_id": "50a014b9-08c1-4953-a3cc-cc814e63752a",
    "reference": 1,
    "first_name": "Test",
    "last_name": "Person",
    "relationship": "Friend",
    "years_known": 2,
    "months_known": 2,
    "street_line1": "a",
    "street_line2": "",
    "town": "a",
    "county": "",
    "country": "a",
    "postcode": "WA14 5GQ",
    "phone_number": "07791618129",
    "email": "james.cruddas@informed.com"
  }
},
{
  "model": "application.reference",
  "pk": "328c8450-9092-41fe-9107-e272b2bc73a6",
  "fields": {
    "application_id": "50a014b9-08c1-4953-a3cc-cc814e63752a",
    "reference": 2,
    "first_name": "Test",
    "last_name": "User",
    "relationship": "Neighbour",
    "years_known": 2,
    "months_known": 2,
    "street_line1": "a",
    "street_line2": "a",
    "town": "a",
    "county": "a",
    "country": "a",
    "postcode": "WA14 5GQ",
    "phone_number": "07791618129",
    "email": "james.cruddas@informed.com"
  }
},
{
  "model": "application.reference",
  "pk": "379221c7-8590-4308-acef-a2a0c4972c00",
  "fields": {
    "application_id": "c6a9efcb-f9e1-41d1-9ce8-594d438254c3",
    "reference": 2,
    "first_name": "Test",
    "last_name": "User",
    "relationship": "Neighbour",
    "years_known": 2,
    "months_known": 2,
    "street_line1": "",
    "street_line2": "",
    "town": "",
    "county": "",
    "country": "",
    "postcode": "WA14 5GQ",
    "phone_number": "",
    "email": ""
  }
},
{
  "model": "application.reference",
  "pk": "8f32f509-245d-4ebd-844a-14ddd4d5f446",
  "fields": {
    "application_id": "2329aa13-cfc5-45a9-aeda-e61f44b04b4b",
    "reference": 1,
    "first_name": "Test",
    "last_name": "Person",
    "relationship": "Friend",
    "years_known": 2,
    "months_known": 2,
    "street_line1": "",
    "street_line2": "",
    "town": "",
    "county": "",
    "country": "",
    "postcode": "WA14 5GQ",
    "phone_number": "",
    "email": ""
  }
},
{
  "model": "application.reference",
  "pk": "bd10d9d8-dc04-4ca8-84b5-47f606f2eeca",
  "fields": {
    "application_id": "63a5d3dc-4379-4a28-8328-49710e8a85de",
    "reference": 2,
    "first_name": "Test",
    "last_name": "User",
    "relationship": "Neighbour",
    "years_known": 2,
    "months_known": 2,
    "street_line1": "a",
    "street_line2": "a",
    "town": "a",
    "county": "a",
    "country": "a",
    "postcode": "WA14 5GQ",
    "phone_number": "07791618129",
    "email": "james.cruddas@informed.com"
  }
},
{
  "model": "application.reference",
  "pk": "d2db8b02-c15f-41d3-b25b-5baaffdc430c",
  "fields": {
    "application_id": "63a5d3dc-4379-4a28-8328-49710e8a85de",
    "reference": 1,
    "first_name": "Test",
    "last_name": "Person",
    "relationship": "Friend",
    "years_known": 2,
    "months_known": 2,
    "street_line1": "a",
    "street_line2": "a",
    "town": "a",
    "county": "a",
    "country": "a",
    "postcode": "WA14 5GQ",
    "phone_number": "07791618129",
    "email": "james.cruddas@informed.com"
  }
},
{
  "model": "application.reference",
  "pk": "f5df7827-1f44-4e25-a303-0c0983bbbf4f",
  "fields": {
    "application_id": "c6a9efcb-f9e1-41d1-9ce8-594d438254c3",
    "reference": 1,
    "first_name": "Test",
    "last_name": "Person",
    "relationship": "Friend",
    "years_known": 2,
    "months_known": 2,
    "street_line1": "a",
    "street_line2": "a",
    "town": "a",
    "county": "a",
    "country": "a",
    "postcode": "WA14 5GQ",
    "phone_number": "07791618129",
    "email": "james.cruddas@informed.com"
  }
}
]
