[
{
  "model": "auth.group",
  "fields": {
    "name": "arc",
    "permissions": []
  }
},
{
  "model": "auth.group",
  "fields": {
    "name": "contact-centre",
    "permissions": []
  }
},
{
  "model": "auth.user",
  "fields": {
    "password": "pbkdf2_sha256$36000$0LmFEZxDRGCu$lAZrw1t7xlrEw+bwkv43Npyx7eGYGDVMFg6qHeptuMo=",
    "last_login": "2018-03-27T08:25:33.891Z",
    "is_superuser": false,
    "username": "arc1",
    "first_name": "",
    "last_name": "",
    "email": "",
    "is_staff": false,
    "is_active": true,
    "date_joined": "2018-03-01T10:16:32Z",
    "groups": [
      [
        "arc"
      ]
    ],
    "user_permissions": []
  }
},
{
  "model": "auth.user",
  "fields": {
    "password": "pbkdf2_sha256$36000$0LmFEZxDRGCu$lAZrw1t7xlrEw+bwkv43Npyx7eGYGDVMFg6qHeptuMo=",
    "last_login": "2018-03-05T09:01:10.474Z",
    "is_superuser": false,
    "username": "cc1",
    "first_name": "",
    "last_name": "",
    "email": "",
    "is_staff": false,
    "is_active": true,
    "date_joined": "2018-03-01T10:16:32Z",
    "groups": [
      [
        "contact-centre"
      ]
    ],
    "user_permissions": []
  }
},
{
  "model": "auth.user",
  "fields": {
    "password": "default-password",
    "last_login": null,
    "is_superuser": true,
    "username": "root",
    "first_name": "",
    "last_name": "",
    "email": "",
    "is_staff": true,
    "is_active": true,
    "date_joined": "2018-03-26T10:39:47.333Z",
    "groups": [],
    "user_permissions": []
  }
},
{
  "model": "govuk_template_base.servicesettings",
  "pk": 1,
  "fields": {
    "modified": "2018-03-23T10:23:55.796Z",
    "name": "Untitled",
    "localise_name": false,
    "phase": "discovery",
    "header_link_view_name": "",
    "header_links": [],
    "footer_links": []
  }
},
{
  "model": "application.userdetails",
  "pk": "0ca55d86-3e3f-49b1-b5c2-01e08581c92e",
  "fields": {
    "email": "cheeeese@cheeekjwehiui2efukuhjeffeheeeese.com",
    "mobile_number": "07824893361",
    "add_phone_number": "",
    "email_expiry_date": null,
    "sms_expiry_date": null,
    "magic_link_email": null,
    "magic_link_sms": null,
    "security_question": "test",
    "security_answer": "test"
  }
},
{
  "model": "application.userdetails",
  "pk": "317983ce-8159-41e0-b2cc-09bef17e2ffe",
  "fields": {
    "email": "oijo@okw.com",
    "mobile_number": "07864647894",
    "add_phone_number": "",
    "email_expiry_date": 0,
    "sms_expiry_date": 1522139696,
    "magic_link_email": "VHNLFTHVI6BN",
    "magic_link_sms": "11066",
    "security_question": "oqisjoij",
    "security_answer": "oijoij"
  }
},
{
  "model": "application.userdetails",
  "pk": "47e22c31-f301-490f-9ad3-16c10cf234a4",
  "fields": {
    "email": "hugo.geeves@informed.com",
    "mobile_number": "07864647894",
    "add_phone_number": "07864647899",
    "email_expiry_date": 0,
    "sms_expiry_date": 1522078966,
    "magic_link_email": "EB1WQB011OKZ",
    "magic_link_sms": "32345",
    "security_question": "oiujoj",
    "security_answer": "oijoij"
  }
},
{
  "model": "application.userdetails",
  "pk": "5756655c-21bb-4972-b31b-9b1cf7d52d80",
  "fields": {
    "email": "hugo.geeves@informed.comd",
    "mobile_number": "07864647894",
    "add_phone_number": "",
    "email_expiry_date": null,
    "sms_expiry_date": null,
    "magic_link_email": null,
    "magic_link_sms": null,
    "security_question": "uihiuh",
    "security_answer": "iuhih"
  }
},
{
  "model": "application.userdetails",
  "pk": "941c0f47-584a-42b0-aa6e-a355a45e2670",
  "fields": {
    "email": "iuhiuh@iuhfe.com",
    "mobile_number": "07864647894",
    "add_phone_number": "",
    "email_expiry_date": null,
    "sms_expiry_date": null,
    "magic_link_email": null,
    "magic_link_sms": null,
    "security_question": "wdojho",
    "security_answer": "poijio"
  }
},
{
  "model": "application.userdetails",
  "pk": "b3250923-edcf-4f58-ac56-a45686bbf539",
  "fields": {
    "email": "fudhoiu@oiwjefij.com",
    "mobile_number": "07864647894",
    "add_phone_number": "",
    "email_expiry_date": null,
    "sms_expiry_date": null,
    "magic_link_email": null,
    "magic_link_sms": null,
    "security_question": "oijoj",
    "security_answer": "oijoiji"
  }
},
{
  "model": "application.userdetails",
  "pk": "c750c89d-73ba-4180-b777-447e16adb735",
  "fields": {
    "email": "iouahsdua@iuwhefiuh.com",
    "mobile_number": "07864647894",
    "add_phone_number": "",
    "email_expiry_date": null,
    "sms_expiry_date": null,
    "magic_link_email": null,
    "magic_link_sms": null,
    "security_question": "yiuhiiuhu",
    "security_answer": "erererres"
  }
},
{
  "model": "application.application",
  "pk": "18bbe6a1-e8c7-4c37-9d65-2299a59df4a5",
  "fields": {
    "login_id": "5756655c-21bb-4972-b31b-9b1cf7d52d80",
    "application_type": "CHILDMINDER",
    "application_status": "DRAFTING",
    "cygnum_urn": "",
    "login_details_status": "COMPLETED",
    "personal_details_status": "NOT_STARTED",
    "childcare_type_status": "IN_PROGRESS",
    "first_aid_training_status": "NOT_STARTED",
    "eyfs_training_status": "COMPLETED",
    "criminal_record_check_status": "NOT_STARTED",
    "health_status": "NOT_STARTED",
    "references_status": "NOT_STARTED",
    "people_in_home_status": "NOT_STARTED",
    "adults_in_home": null,
    "children_in_home": null,
    "children_turning_16": null,
    "declarations_status": "NOT_STARTED",
    "background_check_declare": null,
    "inspect_home_declare": null,
    "interview_declare": null,
    "share_info_declare": null,
    "information_correct_declare": null,
    "change_declare": null,
    "date_created": "2018-03-26T13:49:14.200Z",
    "date_updated": "2018-03-26T13:49:49.725Z",
    "date_accepted": null,
    "order_code": null,
    "date_submitted": null
  }
},
{
  "model": "application.application",
  "pk": "27f25bec-677e-40b5-adc2-0c0f8a7c62d6",
  "fields": {
    "login_id": "c750c89d-73ba-4180-b777-447e16adb735",
    "application_type": "CHILDMINDER",
    "application_status": "DRAFTING",
    "cygnum_urn": "",
    "login_details_status": "COMPLETE",
    "personal_details_status": "COMPLETED",
    "childcare_type_status": "COMPLETED",
    "first_aid_training_status": "NOT_STARTED",
    "eyfs_training_status": "COMPLETED",
    "criminal_record_check_status": "NOT_STARTED",
    "health_status": "NOT_STARTED",
    "references_status": "NOT_STARTED",
    "people_in_home_status": "NOT_STARTED",
    "adults_in_home": null,
    "children_in_home": null,
    "children_turning_16": null,
    "declarations_status": "NOT_STARTED",
    "background_check_declare": null,
    "inspect_home_declare": null,
    "interview_declare": null,
    "share_info_declare": null,
    "information_correct_declare": null,
    "change_declare": null,
    "date_created": "2018-03-26T14:15:30.611Z",
    "date_updated": "2018-03-26T15:42:16.537Z",
    "date_accepted": null,
    "order_code": null,
    "date_submitted": null
  }
},
{
  "model": "application.application",
  "pk": "6595758e-2643-4ee4-a9d8-81906fe42d29",
  "fields": {
    "login_id": "b3250923-edcf-4f58-ac56-a45686bbf539",
    "application_type": "CHILDMINDER",
    "application_status": "DRAFTING",
    "cygnum_urn": "",
    "login_details_status": "COMPLETED",
    "personal_details_status": "NOT_STARTED",
    "childcare_type_status": "IN_PROGRESS",
    "first_aid_training_status": "NOT_STARTED",
    "eyfs_training_status": "COMPLETED",
    "criminal_record_check_status": "NOT_STARTED",
    "health_status": "NOT_STARTED",
    "references_status": "NOT_STARTED",
    "people_in_home_status": "NOT_STARTED",
    "adults_in_home": null,
    "children_in_home": null,
    "children_turning_16": null,
    "declarations_status": "NOT_STARTED",
    "background_check_declare": null,
    "inspect_home_declare": null,
    "interview_declare": null,
    "share_info_declare": null,
    "information_correct_declare": null,
    "change_declare": null,
    "date_created": "2018-03-26T13:25:17.402Z",
    "date_updated": "2018-03-26T13:25:30.286Z",
    "date_accepted": null,
    "order_code": null,
    "date_submitted": null
  }
},
{
  "model": "application.application",
  "pk": "913092e3-2ff5-4a4f-82ce-18d69badd56e",
  "fields": {
    "login_id": "0ca55d86-3e3f-49b1-b5c2-01e08581c92e",
    "application_type": "CHILDMINDER",
    "application_status": "SUBMITTED",
    "cygnum_urn": "",
    "login_details_status": "COMPLETED",
    "personal_details_status": "COMPLETED",
    "childcare_type_status": "COMPLETED",
    "first_aid_training_status": "COMPLETED",
    "eyfs_training_status": "COMPLETED",
    "criminal_record_check_status": "COMPLETED",
    "health_status": "COMPLETED",
    "references_status": "COMPLETED",
    "people_in_home_status": "COMPLETED",
    "adults_in_home": false,
    "children_in_home": false,
    "children_turning_16": false,
    "declarations_status": "COMPLETED",
    "background_check_declare": true,
    "inspect_home_declare": true,
    "interview_declare": true,
    "share_info_declare": true,
    "information_correct_declare": true,
    "change_declare": null,
    "date_created": "2018-03-23T10:24:53.090Z",
    "date_updated": "2018-03-23T10:26:49.427Z",
    "date_accepted": null,
    "order_code": "4c81849c-97c0-4a9c-b5b5-62ceb638dcd7",
    "date_submitted": "2018-03-23T10:27:12.306Z"
  }
},
{
  "model": "application.application",
  "pk": "b386943e-034d-41ac-8d9d-a3c0d9ce910f",
  "fields": {
    "login_id": "47e22c31-f301-490f-9ad3-16c10cf234a4",
    "application_type": "CHILDMINDER",
    "application_status": "FURTHER_INFORMATION",
    "cygnum_urn": "",
    "login_details_status": "COMPLETED",
    "personal_details_status": "COMPLETED",
    "childcare_type_status": "COMPLETED",
    "first_aid_training_status": "COMPLETED",
    "eyfs_training_status": "COMPLETED",
    "criminal_record_check_status": "COMPLETED",
    "health_status": "COMPLETED",
    "references_status": "IN_PROGRESS",
    "people_in_home_status": "COMPLETED",
    "adults_in_home": true,
    "children_in_home": true,
    "children_turning_16": false,
    "declarations_status": "NOT_STARTED",
    "background_check_declare": null,
    "inspect_home_declare": null,
    "interview_declare": null,
    "share_info_declare": null,
    "information_correct_declare": null,
    "change_declare": null,
    "date_created": "2018-03-26T09:50:58.363Z",
    "date_updated": "2018-03-26T16:02:08.172Z",
    "date_accepted": null,
    "order_code": "beb2a73f-9121-4607-b536-31a384eed80a",
    "date_submitted": "2018-03-26T10:26:06.476Z"
  }
},
{
  "model": "application.application",
  "pk": "ce5ce2f8-98e6-40f4-8b7e-870c8b3c3fa6",
  "fields": {
    "login_id": "941c0f47-584a-42b0-aa6e-a355a45e2670",
    "application_type": "CHILDMINDER",
    "application_status": "DRAFTING",
    "cygnum_urn": "",
    "login_details_status": "COMPLETED",
    "personal_details_status": "COMPLETED",
    "childcare_type_status": "COMPLETED",
    "first_aid_training_status": "COMPLETED",
    "eyfs_training_status": "COMPLETED",
    "criminal_record_check_status": "COMPLETED",
    "health_status": "COMPLETED",
    "references_status": "COMPLETED",
    "people_in_home_status": "COMPLETED",
    "adults_in_home": true,
    "children_in_home": true,
    "children_turning_16": false,
    "declarations_status": "NOT_STARTED",
    "background_check_declare": null,
    "inspect_home_declare": null,
    "interview_declare": null,
    "share_info_declare": null,
    "information_correct_declare": null,
    "change_declare": null,
    "date_created": "2018-03-23T11:08:20.189Z",
    "date_updated": "2018-03-26T09:44:47.779Z",
    "date_accepted": null,
    "order_code": null,
    "date_submitted": null
  }
},
{
  "model": "application.application",
  "pk": "e3dae12c-4a3e-4c9c-ab27-7b44c3864dc6",
  "fields": {
    "login_id": "317983ce-8159-41e0-b2cc-09bef17e2ffe",
    "application_type": "CHILDMINDER",
    "application_status": "SUBMITTED",
    "cygnum_urn": "",
    "login_details_status": "COMPLETE",
    "personal_details_status": "COMPLETED",
    "childcare_type_status": "COMPLETED",
    "first_aid_training_status": "COMPLETED",
    "eyfs_training_status": "COMPLETED",
    "criminal_record_check_status": "COMPLETED",
    "health_status": "COMPLETED",
    "references_status": "COMPLETED",
    "people_in_home_status": "COMPLETED",
    "adults_in_home": false,
    "children_in_home": false,
    "children_turning_16": false,
    "declarations_status": "COMPLETED",
    "background_check_declare": true,
    "inspect_home_declare": true,
    "interview_declare": true,
    "share_info_declare": true,
    "information_correct_declare": true,
    "change_declare": null,
    "date_created": "2018-03-26T16:50:51.013Z",
    "date_updated": "2018-03-27T08:42:57.381Z",
    "date_accepted": null,
    "order_code": "82d71553-b7e8-4011-a514-028efcb60cd3",
    "date_submitted": "2018-03-26T16:59:51.251Z"
  }
},
{
  "model": "application.adultinhome",
  "pk": "1db0c0af-d00c-4897-8f2c-1821754ed33b",
  "fields": {
    "application_id": "ce5ce2f8-98e6-40f4-8b7e-870c8b3c3fa6",
    "adult": 2,
    "first_name": "ioijoi",
    "middle_names": "jio",
    "last_name": "oiiooi",
    "birth_day": 6,
    "birth_month": 6,
    "birth_year": 1998,
    "relationship": "oijio",
    "dbs_certificate_number": "123456654321",
    "permission_declare": true
  }
},
{
  "model": "application.adultinhome",
  "pk": "2b68b4ff-b3f8-45fa-aa32-e5bac0422f92",
  "fields": {
    "application_id": "b386943e-034d-41ac-8d9d-a3c0d9ce910f",
    "adult": 1,
    "first_name": "oijoij",
    "middle_names": "oijoijioj",
    "last_name": "oijoij",
    "birth_day": 6,
    "birth_month": 6,
    "birth_year": 1997,
    "relationship": "lij",
    "dbs_certificate_number": "123456654321",
    "permission_declare": true
  }
},
{
  "model": "application.adultinhome",
  "pk": "e054518a-0227-4641-a849-1caa8272a06c",
  "fields": {
    "application_id": "ce5ce2f8-98e6-40f4-8b7e-870c8b3c3fa6",
    "adult": 1,
    "first_name": "oijioj",
    "middle_names": "oijoijoioij",
    "last_name": "oijoijojioji",
    "birth_day": 6,
    "birth_month": 8,
    "birth_year": 1997,
    "relationship": "kjkjkj",
    "dbs_certificate_number": "123456654321",
    "permission_declare": true
  }
},
{
  "model": "application.applicantpersonaldetails",
  "pk": "195fee2c-ff89-473e-9936-fcc4696941c1",
  "fields": {
    "application_id": "ce5ce2f8-98e6-40f4-8b7e-870c8b3c3fa6",
    "birth_day": 6,
    "birth_month": 8,
    "birth_year": 1997
  }
},
{
  "model": "application.applicantpersonaldetails",
  "pk": "29b3a742-b4c9-49d6-be24-774fd65e2f68",
  "fields": {
    "application_id": "913092e3-2ff5-4a4f-82ce-18d69badd56e",
    "birth_day": 22,
    "birth_month": 1,
    "birth_year": 1991
  }
},
{
  "model": "application.applicantpersonaldetails",
  "pk": "4af69e99-5a13-4739-b01d-5a00923cd2b3",
  "fields": {
    "application_id": "e3dae12c-4a3e-4c9c-ab27-7b44c3864dc6",
    "birth_day": 6,
    "birth_month": 8,
    "birth_year": 1997
  }
},
{
  "model": "application.applicantpersonaldetails",
  "pk": "8321381b-c739-40f2-acc0-e36eee3a9b2d",
  "fields": {
    "application_id": "b386943e-034d-41ac-8d9d-a3c0d9ce910f",
    "birth_day": 6,
    "birth_month": 8,
    "birth_year": 1997
  }
},
{
  "model": "application.applicantpersonaldetails",
  "pk": "8cc0d190-2ab0-4595-88e0-a39e4dd5d24d",
  "fields": {
    "application_id": "27f25bec-677e-40b5-adc2-0c0f8a7c62d6",
    "birth_day": 6,
    "birth_month": 8,
    "birth_year": 1997
  }
},
{
  "model": "application.applicanthomeaddress",
  "pk": "1b7da465-8d2d-4fa8-bc43-529863fccf38",
  "fields": {
    "personal_detail_id": "8321381b-c739-40f2-acc0-e36eee3a9b2d",
    "street_line1": "9 Falmouth Close",
    "street_line2": "",
    "town": "Macclesfield",
    "county": "Cheshire",
    "country": "",
    "postcode": "SK10 3NS",
    "childcare_address": true,
    "current_address": false,
    "move_in_month": 0,
    "move_in_year": 0
  }
},
{
  "model": "application.applicanthomeaddress",
  "pk": "3cec8113-cb21-4af8-b1d7-a5fcaa20223d",
  "fields": {
    "personal_detail_id": "8321381b-c739-40f2-acc0-e36eee3a9b2d",
    "street_line1": "8 Falmouth Close",
    "street_line2": "",
    "town": "Macclesfield",
    "county": "Cheshire",
    "country": "United Kingdom",
    "postcode": "SK10 3NS",
    "childcare_address": false,
    "current_address": true,
    "move_in_month": 0,
    "move_in_year": 0
  }
},
{
  "model": "application.applicanthomeaddress",
  "pk": "94e49580-ad0b-4804-8156-4683d1df53e0",
  "fields": {
    "personal_detail_id": "29b3a742-b4c9-49d6-be24-774fd65e2f68",
    "street_line1": "INFORMED SOLUTIONS LTD, THE OLD BANK",
    "street_line2": " OLD MARKET PLACE",
    "town": "ALTRINCHAM",
    "county": "",
    "country": "",
    "postcode": "WA14 4PA",
    "childcare_address": true,
    "current_address": true,
    "move_in_month": 0,
    "move_in_year": 0
  }
},
{
  "model": "application.applicanthomeaddress",
  "pk": "a1d4b6ff-be75-41dc-a5b3-94b784c04130",
  "fields": {
    "personal_detail_id": "4af69e99-5a13-4739-b01d-5a00923cd2b3",
    "street_line1": "uifyew, ifewy",
    "street_line2": "ifewy",
    "town": "rewygi",
    "county": "feiu",
    "country": "United Kingdom",
    "postcode": "SK10 3NS",
    "childcare_address": true,
    "current_address": true,
    "move_in_month": 0,
    "move_in_year": 0
  }
},
{
  "model": "application.applicanthomeaddress",
  "pk": "de9b195a-1c49-4f95-9566-29a67fde7940",
  "fields": {
    "personal_detail_id": "195fee2c-ff89-473e-9936-fcc4696941c1",
    "street_line1": ";OUJHOJO",
    "street_line2": "IJOIJOIJO",
    "town": "JOJOJOJOI",
    "county": "JOJOJ",
    "country": "",
    "postcode": "SK10 3NS",
    "childcare_address": true,
    "current_address": true,
    "move_in_month": 0,
    "move_in_year": 0
  }
},
{
  "model": "application.applicanthomeaddress",
  "pk": "ecbee176-3e2e-425a-846f-3aaaa5a89552",
  "fields": {
    "personal_detail_id": "8cc0d190-2ab0-4595-88e0-a39e4dd5d24d",
    "street_line1": "oijiooijj",
    "street_line2": "oijoijoioi",
    "town": "joijoj",
    "county": "joijojjoi",
    "country": "United Kingdom",
    "postcode": "SK10 3NS",
    "childcare_address": true,
    "current_address": true,
    "move_in_month": 0,
    "move_in_year": 0
  }
},
{
  "model": "application.applicantname",
  "pk": "0cef3e47-0a40-4a7e-874f-6a1707b52d60",
  "fields": {
    "personal_detail_id": "8cc0d190-2ab0-4595-88e0-a39e4dd5d24d",
    "current_name": true,
    "first_name": "hiuh",
    "middle_names": "iuhiuhi",
    "last_name": "iji"
  }
},
{
  "model": "application.applicantname",
  "pk": "18a2ca36-aa67-4c5d-9985-962dcd5c2763",
  "fields": {
    "personal_detail_id": "29b3a742-b4c9-49d6-be24-774fd65e2f68",
    "current_name": true,
    "first_name": "James",
    "middle_names": "",
    "last_name": "Cruddas"
  }
},
{
  "model": "application.applicantname",
  "pk": "28879d08-f39b-4b15-aba9-006b75d5e876",
  "fields": {
    "personal_detail_id": "8321381b-c739-40f2-acc0-e36eee3a9b2d",
    "current_name": true,
    "first_name": "Hugo",
    "middle_names": "Alan",
    "last_name": "Geeves"
  }
},
{
  "model": "application.applicantname",
  "pk": "8268ea35-dcca-4c9c-adfc-249230be47fc",
  "fields": {
    "personal_detail_id": "4af69e99-5a13-4739-b01d-5a00923cd2b3",
    "current_name": true,
    "first_name": "oiuhjiuhiuhiu",
    "middle_names": "hiuhiuhi",
    "last_name": "hiuhuih"
  }
},
{
  "model": "application.applicantname",
  "pk": "fc9b75d6-62e4-4744-976d-db54003f38fa",
  "fields": {
    "personal_detail_id": "195fee2c-ff89-473e-9936-fcc4696941c1",
    "current_name": true,
    "first_name": "liuhLIUHLIUh",
    "middle_names": "lluihuihl",
    "last_name": "ihliuh"
  }
},
{
  "model": "application.arc",
  "pk": "b386943e-034d-41ac-8d9d-a3c0d9ce910f",
  "fields": {
    "user_id": "",
    "last_accessed": "26/03/2018",
    "app_type": "Childminder",
    "comments": "woijofie",
    "login_details_review": "FLAGGED",
    "childcare_type_review": "COMPLETED",
    "personal_details_review": "FLAGGED",
    "first_aid_review": "FLAGGED",
    "dbs_review": "FLAGGED",
    "health_review": "COMPLETED",
    "references_review": "FLAGGED",
    "people_in_home_review": "FLAGGED"
  }
},
{
  "model": "application.arc",
  "pk": "e3dae12c-4a3e-4c9c-ab27-7b44c3864dc6",
  "fields": {
    "user_id": "",
    "last_accessed": "26/03/2018",
    "app_type": "Childminder",
    "comments": "No",
    "login_details_review": "FLAGGED",
    "childcare_type_review": "COMPLETED",
    "personal_details_review": "FLAGGED",
    "first_aid_review": "FLAGGED",
    "dbs_review": "FLAGGED",
    "health_review": "COMPLETED",
    "references_review": "FLAGGED",
    "people_in_home_review": "FLAGGED"
  }
},
{
  "model": "application.arccomments",
  "pk": 1,
  "fields": {
    "table_pk": "fc9b75d6-62e4-4744-976d-db54003f38fa",
    "table_name": "APPLICANT_NAME",
    "field_name": "name",
    "comment": "test",
    "flagged": true
  }
},
{
  "model": "application.arccomments",
  "pk": 2,
  "fields": {
    "table_pk": "47e22c31-f301-490f-9ad3-16c10cf234a4",
    "table_name": "USER_DETAILS",
    "field_name": "mobile_number",
    "comment": "Mobile number is wrong",
    "flagged": true
  }
},
{
  "model": "application.arccomments",
  "pk": 3,
  "fields": {
    "table_pk": "47e22c31-f301-490f-9ad3-16c10cf234a4",
    "table_name": "USER_DETAILS",
    "field_name": "security_question",
    "comment": "Knowledge is wrong",
    "flagged": true
  }
},
{
  "model": "application.arccomments",
  "pk": 4,
  "fields": {
    "table_pk": "28879d08-f39b-4b15-aba9-006b75d5e876",
    "table_name": "APPLICANT_NAME",
    "field_name": "name",
    "comment": "Name test error",
    "flagged": true
  }
},
{
  "model": "application.arccomments",
  "pk": 5,
  "fields": {
    "table_pk": "3cec8113-cb21-4af8-b1d7-a5fcaa20223d",
    "table_name": "APPLICANT_HOME_ADDRESS",
    "field_name": "childcare_location",
    "comment": "Childcare location error",
    "flagged": true
  }
},
{
  "model": "application.arccomments",
  "pk": 6,
  "fields": {
    "table_pk": "4ff4a2a7-0840-4f54-a907-9f0034d7056e",
    "table_name": "FIRST_AID_TRAINING",
    "field_name": "course_date",
    "comment": "Training error",
    "flagged": true
  }
},
{
  "model": "application.arccomments",
  "pk": 7,
  "fields": {
    "table_pk": "7b0725fd-0a0a-49ca-abce-8a724bea15f7",
    "table_name": "CRIMINAL_RECORD_CHECK",
    "field_name": "dbs_certificate_number",
    "comment": "DBS error",
    "flagged": false
  }
},
{
  "model": "application.arccomments",
  "pk": 8,
  "fields": {
    "table_pk": "3f08e902-9647-4900-b2ad-3b856b9bf209",
    "table_name": "REFERENCE",
    "field_name": "full_name",
    "comment": "First reference error",
    "flagged": true
  }
},
{
  "model": "application.arccomments",
  "pk": 9,
  "fields": {
    "table_pk": "50cfeb8d-4fd9-4d9d-92fd-c56bfb3fa6a7",
    "table_name": "REFERENCE",
    "field_name": "address",
    "comment": "Second reference error",
    "flagged": true
  }
},
{
  "model": "application.arccomments",
  "pk": 10,
  "fields": {
    "table_pk": "72806185-34c6-4485-833e-084d8911b376",
    "table_name": "CHILD_IN_HOME",
    "field_name": "full_name",
    "comment": "Child error",
    "flagged": true
  }
},
{
  "model": "application.arccomments",
  "pk": 11,
  "fields": {
    "table_pk": "b386943e-034d-41ac-8d9d-a3c0d9ce910f",
    "table_name": "APPLICATION",
    "field_name": "adults_in_home",
    "comment": "People error",
    "flagged": true
  }
},
{
  "model": "application.arccomments",
  "pk": 12,
  "fields": {
    "table_pk": "317983ce-8159-41e0-b2cc-09bef17e2ffe",
    "table_name": "USER_DETAILS",
    "field_name": "mobile_number",
    "comment": "Your mobile number is incorrect",
    "flagged": false
  }
},
{
  "model": "application.arccomments",
  "pk": 13,
  "fields": {
    "table_pk": "a1d4b6ff-be75-41dc-a5b3-94b784c04130",
    "table_name": "APPLICANT_HOME_ADDRESS",
    "field_name": "home_address",
    "comment": "Your home address is incorrect",
    "flagged": true
  }
},
{
  "model": "application.arccomments",
  "pk": 14,
  "fields": {
    "table_pk": "117f1ac1-632f-4cbf-8543-7d062532f885",
    "table_name": "FIRST_AID_TRAINING",
    "field_name": "course_date",
    "comment": "Your date is incorrect",
    "flagged": true
  }
},
{
  "model": "application.arccomments",
  "pk": 15,
  "fields": {
    "table_pk": "a0cb9791-9c09-4788-bb94-dce2a4e210f2",
    "table_name": "CRIMINAL_RECORD_CHECK",
    "field_name": "dbs_certificate_number",
    "comment": "This is a bad number",
    "flagged": false
  }
},
{
  "model": "application.arccomments",
  "pk": 16,
  "fields": {
    "table_pk": "e717512b-8b20-4b9d-908f-efc8a105c4eb",
    "table_name": "REFERENCE",
    "field_name": "email_address",
    "comment": "Second reference email is the same as the first",
    "flagged": false
  }
},
{
  "model": "application.arccomments",
  "pk": 17,
  "fields": {
    "table_pk": "e3dae12c-4a3e-4c9c-ab27-7b44c3864dc6",
    "table_name": "APPLICATION",
    "field_name": "adults_in_home",
    "comment": "Good",
    "flagged": true
  }
},
{
  "model": "application.childinhome",
  "pk": "38b0f145-f749-48f2-9d6c-0b853c69c74f",
  "fields": {
    "application_id": "ce5ce2f8-98e6-40f4-8b7e-870c8b3c3fa6",
    "child": 1,
    "first_name": "lijj",
    "middle_names": "oijoijj",
    "last_name": "oiojoij",
    "birth_day": 5,
    "birth_month": 5,
    "birth_year": 2016,
    "relationship": "lij"
  }
},
{
  "model": "application.childinhome",
  "pk": "72806185-34c6-4485-833e-084d8911b376",
  "fields": {
    "application_id": "b386943e-034d-41ac-8d9d-a3c0d9ce910f",
    "child": 1,
    "first_name": "qqq",
    "middle_names": "qqq",
    "last_name": "qqq",
    "birth_day": 8,
    "birth_month": 8,
    "birth_year": 2007,
    "relationship": "iuhiu"
  }
},
{
  "model": "application.childinhome",
  "pk": "7467bdce-deda-4485-b3f4-6919cbba838f",
  "fields": {
    "application_id": "ce5ce2f8-98e6-40f4-8b7e-870c8b3c3fa6",
    "child": 2,
    "first_name": "popo",
    "middle_names": "popo",
    "last_name": "opopopop",
    "birth_day": 5,
    "birth_month": 5,
    "birth_year": 2017,
    "relationship": "oiuhhu"
  }
},
{
  "model": "application.childcaretype",
  "pk": "3d0ff456-7a61-4907-ba55-1f8934ac6dc6",
  "fields": {
    "application_id": "b386943e-034d-41ac-8d9d-a3c0d9ce910f",
    "zero_to_five": true,
    "five_to_eight": true,
    "eight_plus": false
  }
},
{
  "model": "application.childcaretype",
  "pk": "704124a6-07a2-44b2-a55b-270fe604384b",
  "fields": {
    "application_id": "ce5ce2f8-98e6-40f4-8b7e-870c8b3c3fa6",
    "zero_to_five": true,
    "five_to_eight": true,
    "eight_plus": false
  }
},
{
  "model": "application.childcaretype",
  "pk": "772339ae-c81d-477e-a033-00596857abef",
  "fields": {
    "application_id": "27f25bec-677e-40b5-adc2-0c0f8a7c62d6",
    "zero_to_five": false,
    "five_to_eight": true,
    "eight_plus": true
  }
},
{
  "model": "application.childcaretype",
  "pk": "813a9d0e-eb6a-4fcb-b93d-3c1f888f8583",
  "fields": {
    "application_id": "913092e3-2ff5-4a4f-82ce-18d69badd56e",
    "zero_to_five": true,
    "five_to_eight": true,
    "eight_plus": false
  }
},
{
  "model": "application.childcaretype",
  "pk": "8ec3991f-788d-4b9d-a36a-1de033fef3f6",
  "fields": {
    "application_id": "e3dae12c-4a3e-4c9c-ab27-7b44c3864dc6",
    "zero_to_five": true,
    "five_to_eight": true,
    "eight_plus": false
  }
},
{
  "model": "application.criminalrecordcheck",
  "pk": "0680dddf-8efa-43a0-8f1c-5f76d17ac545",
  "fields": {
    "application_id": "913092e3-2ff5-4a4f-82ce-18d69badd56e",
    "dbs_certificate_number": "121212121212",
    "cautions_convictions": false,
    "send_certificate_declare": null
  }
},
{
  "model": "application.criminalrecordcheck",
  "pk": "0b4cc98e-c764-4a50-bc33-d8f1a2b19f89",
  "fields": {
    "application_id": "ce5ce2f8-98e6-40f4-8b7e-870c8b3c3fa6",
    "dbs_certificate_number": "123456654321",
    "cautions_convictions": false,
    "send_certificate_declare": null
  }
},
{
  "model": "application.criminalrecordcheck",
  "pk": "7b0725fd-0a0a-49ca-abce-8a724bea15f7",
  "fields": {
    "application_id": "b386943e-034d-41ac-8d9d-a3c0d9ce910f",
    "dbs_certificate_number": "123456654321",
    "cautions_convictions": true,
    "send_certificate_declare": true
  }
},
{
  "model": "application.criminalrecordcheck",
  "pk": "a0cb9791-9c09-4788-bb94-dce2a4e210f2",
  "fields": {
    "application_id": "e3dae12c-4a3e-4c9c-ab27-7b44c3864dc6",
    "dbs_certificate_number": "123456654321",
    "cautions_convictions": false,
    "send_certificate_declare": null
  }
},
{
  "model": "application.firstaidtraining",
  "pk": "117f1ac1-632f-4cbf-8543-7d062532f885",
  "fields": {
    "application_id": "e3dae12c-4a3e-4c9c-ab27-7b44c3864dc6",
    "training_organisation": "oiuhuoih",
    "course_title": "uihiuhiuh",
    "course_day": 6,
    "course_month": 8,
    "course_year": 2017,
    "show_certificate": true,
    "renew_certificate": false
  }
},
{
  "model": "application.firstaidtraining",
  "pk": "4ff4a2a7-0840-4f54-a907-9f0034d7056e",
  "fields": {
    "application_id": "b386943e-034d-41ac-8d9d-a3c0d9ce910f",
    "training_organisation": "St Johns Ambulance",
    "course_title": "Pediatric First Aid",
    "course_day": 5,
    "course_month": 5,
    "course_year": 2017,
    "show_certificate": true,
    "renew_certificate": false
  }
},
{
  "model": "application.firstaidtraining",
  "pk": "629e4cdc-68ec-4fc4-a090-fd611c0c596e",
  "fields": {
    "application_id": "ce5ce2f8-98e6-40f4-8b7e-870c8b3c3fa6",
    "training_organisation": "afdfsa",
    "course_title": "asdas",
    "course_day": 6,
    "course_month": 4,
    "course_year": 2015,
    "show_certificate": false,
    "renew_certificate": true
  }
},
{
  "model": "application.firstaidtraining",
  "pk": "98c4db59-2a48-4191-afa9-5be27c0eac45",
  "fields": {
    "application_id": "913092e3-2ff5-4a4f-82ce-18d69badd56e",
    "training_organisation": "JMC Training",
    "course_title": "Test",
    "course_day": 22,
    "course_month": 1,
    "course_year": 2018,
    "show_certificate": true,
    "renew_certificate": false
  }
},
{
  "model": "application.healthdeclarationbooklet",
  "pk": "36f61ddf-1ee0-44dd-a7ed-93630002fc72",
  "fields": {
    "application_id": "b386943e-034d-41ac-8d9d-a3c0d9ce910f",
    "send_hdb_declare": true
  }
},
{
  "model": "application.healthdeclarationbooklet",
  "pk": "4338e53d-eb96-4e8c-b296-582444e90ec0",
  "fields": {
    "application_id": "e3dae12c-4a3e-4c9c-ab27-7b44c3864dc6",
    "send_hdb_declare": true
  }
},
{
  "model": "application.healthdeclarationbooklet",
  "pk": "48221fb3-07c6-4b2e-bca0-037315d72eb5",
  "fields": {
    "application_id": "ce5ce2f8-98e6-40f4-8b7e-870c8b3c3fa6",
    "send_hdb_declare": true
  }
},
{
  "model": "application.healthdeclarationbooklet",
  "pk": "69df4e68-44cb-4cea-bb3c-09f1b5c2f7ec",
  "fields": {
    "application_id": "913092e3-2ff5-4a4f-82ce-18d69badd56e",
    "send_hdb_declare": true
  }
},
{
  "model": "application.reference",
  "pk": "02dc352a-bc6a-49e9-8df0-0c3c49ef735e",
  "fields": {
    "application_id": "ce5ce2f8-98e6-40f4-8b7e-870c8b3c3fa6",
    "reference": 2,
    "first_name": "pokpk",
    "last_name": "opkpokpo",
    "relationship": "pokpokpok",
    "years_known": 5,
    "months_known": 5,
    "street_line1": "uiyghyug",
    "street_line2": "uygyuuyg",
    "town": "uygyuguyg",
    "county": "yuguyg",
    "country": "United Kingdom",
    "postcode": "SK10 3NS",
    "phone_number": "07864647894",
    "email": "cheese@cheese.com"
  }
},
{
  "model": "application.reference",
  "pk": "2e4d540d-8ebf-4330-907e-00fc27aeecac",
  "fields": {
    "application_id": "913092e3-2ff5-4a4f-82ce-18d69badd56e",
    "reference": 2,
    "first_name": "Test",
    "last_name": "User",
    "relationship": "Neighbour",
    "years_known": 2,
    "months_known": 2,
    "street_line1": "INFORMED SOLUTIONS LTD, THE OLD BANK",
    "street_line2": " OLD MARKET PLACE",
    "town": "ALTRINCHAM",
    "county": "",
    "country": "United Kingdom",
    "postcode": "WA14 4PA",
    "phone_number": "07791618129",
    "email": "james.cruddas@informed.com"
  }
},
{
  "model": "application.reference",
  "pk": "3f08e902-9647-4900-b2ad-3b856b9bf209",
  "fields": {
    "application_id": "b386943e-034d-41ac-8d9d-a3c0d9ce910f",
    "reference": 1,
    "first_name": "Hugo",
    "last_name": "Geeves",
    "relationship": "Myself",
    "years_known": 6,
    "months_known": 6,
    "street_line1": "uwojojoi",
    "street_line2": "joijoijoj",
    "town": "oijojoij",
    "county": "ojoijio",
    "country": "United Kingdom",
    "postcode": "SK10 3NS",
    "phone_number": "07864647894",
    "email": "hugo.geeves@informed.com"
  }
},
{
  "model": "application.reference",
  "pk": "50cfeb8d-4fd9-4d9d-92fd-c56bfb3fa6a7",
  "fields": {
    "application_id": "b386943e-034d-41ac-8d9d-a3c0d9ce910f",
    "reference": 2,
    "first_name": "oijoijo",
    "last_name": "ijoip[opk",
    "relationship": "pokopk",
    "years_known": 4,
    "months_known": 4,
    "street_line1": "pokkpkpo;lnm;lnln",
    "street_line2": "lknkjnlkjnlkjnl",
    "town": "kjnlkjnlkjnlkj",
    "county": "nlkjnlkjnkljnlkjn",
    "country": "United Kingdom",
    "postcode": "SK10 3NS",
    "phone_number": "07864647894",
    "email": "hugo.geeves@informed.com"
  }
},
{
  "model": "application.reference",
  "pk": "57a49c18-45e2-4568-b8ad-96cf090e8208",
  "fields": {
    "application_id": "ce5ce2f8-98e6-40f4-8b7e-870c8b3c3fa6",
    "reference": 1,
    "first_name": "Hugo",
    "last_name": "Geeves",
    "relationship": "oijoij",
    "years_known": 6,
    "months_known": 6,
    "street_line1": "oljioi",
    "street_line2": "oijoij",
    "town": "oijoij",
    "county": "oijoij",
    "country": "oiji",
    "postcode": "SK10 3NS",
    "phone_number": "07864647894",
    "email": "hugo.geeves@informed.com"
  }
},
{
  "model": "application.reference",
  "pk": "5ad08ec3-760b-4ec3-a18b-0e0b5e45e6ec",
  "fields": {
    "application_id": "e3dae12c-4a3e-4c9c-ab27-7b44c3864dc6",
    "reference": 1,
    "first_name": "oiuhjih",
    "last_name": "uihuihiu",
    "relationship": "h",
    "years_known": 5,
    "months_known": 5,
    "street_line1": "ewkjuhjiuo",
    "street_line2": "hjikhiu",
    "town": "hiuh",
    "county": "iuhih",
    "country": "United Kingdom",
    "postcode": "SK10 3NS",
    "phone_number": "07864647894",
    "email": "hugo.geeves@informed.com"
  }
},
{
  "model": "application.reference",
  "pk": "69ecfb23-f5d2-4231-8ec8-b5d9d5500ead",
  "fields": {
    "application_id": "913092e3-2ff5-4a4f-82ce-18d69badd56e",
    "reference": 1,
    "first_name": "Test",
    "last_name": "Person",
    "relationship": "Friend",
    "years_known": 2,
    "months_known": 2,
    "street_line1": "INFORMED SOLUTIONS LTD, THE OLD BANK",
    "street_line2": " OLD MARKET PLACE",
    "town": "ALTRINCHAM",
    "county": "",
    "country": "United Kingdom",
    "postcode": "WA14 4PA",
    "phone_number": "07791618129",
    "email": "james.cruddas@informed.com"
  }
},
{
  "model": "application.reference",
  "pk": "e717512b-8b20-4b9d-908f-efc8a105c4eb",
  "fields": {
    "application_id": "e3dae12c-4a3e-4c9c-ab27-7b44c3864dc6",
    "reference": 2,
    "first_name": "oiuhiuh",
    "last_name": "iuhiuh",
    "relationship": "ihiuh",
    "years_known": 3,
    "months_known": 3,
    "street_line1": "oij",
    "street_line2": "oijo",
    "town": "ijoj",
    "county": "ijioj",
    "country": "iuhiu",
    "postcode": "SK10 3NS",
    "phone_number": "07864647894",
    "email": "hugo.geeves@informed.com"
  }
}
]
