[
{
  "model": "application.application",
  "pk": "1d8d86dc-1c69-43eb-a8bb-6f570e11c011",
  "fields": {
    "application_type": "CHILDMINDER",
    "application_status": "SUBMITTED",
    "cygnum_urn": "",
    "login_details_status": "COMPLETED",
    "login_details_arc_flagged": false,
    "personal_details_status": "COMPLETED",
    "personal_details_arc_flagged": false,
    "your_children_status": "COMPLETED",
    "your_children_arc_flagged": false,
    "childcare_type_status": "COMPLETED",
    "childcare_type_arc_flagged": false,
    "first_aid_training_status": "COMPLETED",
    "first_aid_training_arc_flagged": false,
    "childcare_training_status": "COMPLETED",
    "childcare_training_arc_flagged": false,
    "criminal_record_check_status": "COMPLETED",
    "criminal_record_check_arc_flagged": false,
    "health_status": "COMPLETED",
    "health_arc_flagged": false,
    "references_status": "COMPLETED",
    "references_arc_flagged": false,
    "people_in_home_status": "COMPLETED",
    "people_in_home_arc_flagged": false,
    "adults_in_home": false,
    "children_in_home": false,
    "children_turning_16": null,
    "declarations_status": "COMPLETED",
    "declaration_confirmation": true,
    "date_created": "2019-02-27T18:03:15.243Z",
    "date_updated": "2019-02-27T18:09:37.167Z",
    "date_accepted": null,
    "date_submitted": "2019-02-27T18:09:57.900Z",
    "date_last_accessed": "2019-02-27T18:03:23.217Z",
    "application_reference": "2500693",
    "ofsted_visit_email_sent": null,
    "publish_details": true,
    "working_in_other_childminder_home": false,
    "own_children": false,
    "reasons_known_to_social_services": "",
    "known_to_social_services_pith": true,
    "reasons_known_to_social_services_pith": "Test reason applicant is known to social services"
  }
},
{
  "model": "application.application",
  "pk": "4f3e0426-1e59-4f28-a640-8fb47b5d115b",
  "fields": {
    "application_type": "CHILDMINDER",
    "application_status": "SUBMITTED",
    "cygnum_urn": "",
    "login_details_status": "COMPLETED",
    "login_details_arc_flagged": false,
    "personal_details_status": "COMPLETED",
    "personal_details_arc_flagged": false,
    "your_children_status": "COMPLETED",
    "your_children_arc_flagged": false,
    "childcare_type_status": "COMPLETED",
    "childcare_type_arc_flagged": false,
    "first_aid_training_status": "COMPLETED",
    "first_aid_training_arc_flagged": false,
    "childcare_training_status": "COMPLETED",
    "childcare_training_arc_flagged": false,
    "criminal_record_check_status": "COMPLETED",
    "criminal_record_check_arc_flagged": false,
    "health_status": "COMPLETED",
    "health_arc_flagged": false,
    "references_status": "COMPLETED",
    "references_arc_flagged": false,
    "people_in_home_status": "COMPLETED",
    "people_in_home_arc_flagged": false,
    "adults_in_home": true,
    "children_in_home": false,
    "children_turning_16": null,
    "declarations_status": "COMPLETED",
    "declaration_confirmation": true,
    "date_created": "2019-02-27T19:17:51.024Z",
    "date_updated": "2019-02-27T19:28:57.386Z",
    "date_accepted": null,
    "date_submitted": "2019-02-27T19:29:15.891Z",
    "date_last_accessed": "2019-02-27T19:18:00.603Z",
    "application_reference": "2500697",
    "ofsted_visit_email_sent": null,
    "publish_details": true,
    "working_in_other_childminder_home": false,
    "own_children": false,
    "reasons_known_to_social_services": "",
    "known_to_social_services_pith": false,
    "reasons_known_to_social_services_pith": ""
  }
},
{
  "model": "application.application",
  "pk": "a963c70d-2582-4f1d-9a38-77b151fcf135",
  "fields": {
    "application_type": "CHILDMINDER",
    "application_status": "SUBMITTED",
    "cygnum_urn": "",
    "login_details_status": "COMPLETED",
    "login_details_arc_flagged": false,
    "personal_details_status": "COMPLETED",
    "personal_details_arc_flagged": false,
    "your_children_status": "COMPLETED",
    "your_children_arc_flagged": false,
    "childcare_type_status": "COMPLETED",
    "childcare_type_arc_flagged": false,
    "first_aid_training_status": "COMPLETED",
    "first_aid_training_arc_flagged": false,
    "childcare_training_status": "COMPLETED",
    "childcare_training_arc_flagged": false,
    "criminal_record_check_status": "COMPLETED",
    "criminal_record_check_arc_flagged": false,
    "health_status": "COMPLETED",
    "health_arc_flagged": false,
    "references_status": "COMPLETED",
    "references_arc_flagged": false,
    "people_in_home_status": "COMPLETED",
    "people_in_home_arc_flagged": false,
    "adults_in_home": true,
    "children_in_home": true,
    "children_turning_16": false,
    "declarations_status": "COMPLETED",
    "declaration_confirmation": true,
    "date_created": "2019-02-27T18:54:59.527Z",
    "date_updated": "2019-02-27T19:15:21.271Z",
    "date_accepted": null,
    "date_submitted": "2019-02-27T19:15:40.539Z",
    "date_last_accessed": "2019-02-27T18:55:31.508Z",
    "application_reference": "2500696",
    "ofsted_visit_email_sent": null,
    "publish_details": true,
    "working_in_other_childminder_home": false,
    "own_children": false,
    "reasons_known_to_social_services": "",
    "known_to_social_services_pith": true,
    "reasons_known_to_social_services_pith": "Test reason known to social services"
  }
},
{
  "model": "application.application",
  "pk": "b47bf218-3b76-43fa-8398-1110df9ce554",
  "fields": {
    "application_type": "CHILDMINDER",
    "application_status": "SUBMITTED",
    "cygnum_urn": "",
    "login_details_status": "COMPLETED",
    "login_details_arc_flagged": false,
    "personal_details_status": "COMPLETED",
    "personal_details_arc_flagged": false,
    "your_children_status": "COMPLETED",
    "your_children_arc_flagged": false,
    "childcare_type_status": "COMPLETED",
    "childcare_type_arc_flagged": false,
    "first_aid_training_status": "COMPLETED",
    "first_aid_training_arc_flagged": false,
    "childcare_training_status": "COMPLETED",
    "childcare_training_arc_flagged": false,
    "criminal_record_check_status": "COMPLETED",
    "criminal_record_check_arc_flagged": false,
    "health_status": "COMPLETED",
    "health_arc_flagged": false,
    "references_status": "COMPLETED",
    "references_arc_flagged": false,
    "people_in_home_status": "COMPLETED",
    "people_in_home_arc_flagged": false,
    "adults_in_home": true,
    "children_in_home": true,
    "children_turning_16": false,
    "declarations_status": "COMPLETED",
    "declaration_confirmation": true,
    "date_created": "2019-02-27T18:38:26.691Z",
    "date_updated": "2019-02-27T18:43:48.139Z",
    "date_accepted": null,
    "date_submitted": "2019-02-27T18:43:56.648Z",
    "date_last_accessed": "2019-02-27T18:38:42.036Z",
    "application_reference": "2500695",
    "ofsted_visit_email_sent": null,
    "publish_details": true,
    "working_in_other_childminder_home": false,
    "own_children": false,
    "reasons_known_to_social_services": "",
    "known_to_social_services_pith": true,
    "reasons_known_to_social_services_pith": "test data for TC.04"
  }
},
{
  "model": "application.application",
  "pk": "ef53c2e0-3b6e-44ad-bf99-1f9f805970d5",
  "fields": {
    "application_type": "CHILDMINDER",
    "application_status": "SUBMITTED",
    "cygnum_urn": "",
    "login_details_status": "COMPLETED",
    "login_details_arc_flagged": false,
    "personal_details_status": "COMPLETED",
    "personal_details_arc_flagged": false,
    "your_children_status": "COMPLETED",
    "your_children_arc_flagged": false,
    "childcare_type_status": "COMPLETED",
    "childcare_type_arc_flagged": false,
    "first_aid_training_status": "COMPLETED",
    "first_aid_training_arc_flagged": false,
    "childcare_training_status": "COMPLETED",
    "childcare_training_arc_flagged": false,
    "criminal_record_check_status": "COMPLETED",
    "criminal_record_check_arc_flagged": false,
    "health_status": "COMPLETED",
    "health_arc_flagged": false,
    "references_status": "COMPLETED",
    "references_arc_flagged": false,
    "people_in_home_status": "COMPLETED",
    "people_in_home_arc_flagged": false,
    "adults_in_home": true,
    "children_in_home": false,
    "children_turning_16": null,
    "declarations_status": "COMPLETED",
    "declaration_confirmation": true,
    "date_created": "2019-02-27T18:11:14.133Z",
    "date_updated": "2019-02-27T18:34:48.580Z",
    "date_accepted": null,
    "date_submitted": "2019-02-27T18:35:11.280Z",
    "date_last_accessed": "2019-02-27T18:11:31.666Z",
    "application_reference": "2500694",
    "ofsted_visit_email_sent": null,
    "publish_details": false,
    "working_in_other_childminder_home": false,
    "own_children": false,
    "reasons_known_to_social_services": "",
    "known_to_social_services_pith": false,
    "reasons_known_to_social_services_pith": ""
  }
},
{
  "model": "application.application",
  "pk": "f5b803e4-6bd8-4783-8117-fe4f79c45b20",
  "fields": {
    "application_type": "CHILDMINDER",
    "application_status": "SUBMITTED",
    "cygnum_urn": "",
    "login_details_status": "COMPLETED",
    "login_details_arc_flagged": false,
    "personal_details_status": "COMPLETED",
    "personal_details_arc_flagged": false,
    "your_children_status": "COMPLETED",
    "your_children_arc_flagged": false,
    "childcare_type_status": "COMPLETED",
    "childcare_type_arc_flagged": false,
    "first_aid_training_status": "COMPLETED",
    "first_aid_training_arc_flagged": false,
    "childcare_training_status": "COMPLETED",
    "childcare_training_arc_flagged": false,
    "criminal_record_check_status": "COMPLETED",
    "criminal_record_check_arc_flagged": false,
    "health_status": "COMPLETED",
    "health_arc_flagged": false,
    "references_status": "COMPLETED",
    "references_arc_flagged": false,
    "people_in_home_status": "COMPLETED",
    "people_in_home_arc_flagged": false,
    "adults_in_home": false,
    "children_in_home": false,
    "children_turning_16": null,
    "declarations_status": "COMPLETED",
    "declaration_confirmation": true,
    "date_created": "2019-02-27T18:00:53.229Z",
    "date_updated": "2019-02-27T18:02:05.969Z",
    "date_accepted": null,
    "date_submitted": "2019-02-27T18:02:22.212Z",
    "date_last_accessed": "2019-02-27T18:00:59.639Z",
    "application_reference": "2500692",
    "ofsted_visit_email_sent": null,
    "publish_details": false,
    "working_in_other_childminder_home": false,
    "own_children": false,
    "reasons_known_to_social_services": "",
    "known_to_social_services_pith": false,
    "reasons_known_to_social_services_pith": ""
  }
},
{
  "model": "application.adultinhome",
  "pk": "3e49bc4c-4b2f-495d-b9cf-e28fff819c79",
  "fields": {
    "application_id": "a963c70d-2582-4f1d-9a38-77b151fcf135",
    "adult": 1,
    "first_name": "Eleanor",
    "middle_names": "Sparks",
    "last_name": "Hartley",
    "birth_day": 14,
    "birth_month": 1,
    "birth_year": 1969,
    "relationship": "Mother",
    "cygnum_relationship_to_childminder": "",
    "email": "e.sparks123@gmail.com",
    "dbs_certificate_number": "101619622123",
    "token": "4476632",
    "validated": false,
    "current_treatment": false,
    "serious_illness": false,
    "known_to_council": false,
    "reasons_known_to_council_health_check": "",
    "hospital_admission": false,
    "health_check_status": "Done",
    "email_resent": 0,
    "email_resent_timestamp": "2019-02-27T19:10:52.189Z",
    "lived_abroad": true,
    "military_base": true,
    "capita": false,
    "enhanced_check": true,
    "on_update": true,
    "certificate_information": "",
    "within_three_months": null
  }
},
{
  "model": "application.adultinhome",
  "pk": "5a5ff336-e160-434d-8c3a-734667efa6ad",
  "fields": {
    "application_id": "ef53c2e0-3b6e-44ad-bf99-1f9f805970d5",
    "adult": 1,
    "first_name": "Jack",
    "middle_names": "Henry",
    "last_name": "Wright",
    "birth_day": 15,
    "birth_month": 10,
    "birth_year": 1988,
    "relationship": "Father",
    "cygnum_relationship_to_childminder": "",
    "email": "jwright@gmail.com",
    "dbs_certificate_number": "001619592160",
    "token": "7956556",
    "validated": true,
    "current_treatment": true,
    "serious_illness": true,
    "known_to_council": true,
    "reasons_known_to_council_health_check": "Test reason why jack is known to social services",
    "hospital_admission": true,
    "health_check_status": "Done",
    "email_resent": 0,
    "email_resent_timestamp": "2019-02-27T18:23:27.396Z",
    "lived_abroad": true,
    "military_base": true,
    "capita": true,
    "enhanced_check": null,
    "on_update": true,
    "certificate_information": "Certificate contains no information",
    "within_three_months": false
  }
},
{
  "model": "application.adultinhome",
  "pk": "5be61ceb-5161-4ae4-9040-359fc388cb70",
  "fields": {
    "application_id": "4f3e0426-1e59-4f28-a640-8fb47b5d115b",
    "adult": 1,
    "first_name": "Terry",
    "middle_names": "Martin",
    "last_name": "Kingsman",
    "birth_day": 2,
    "birth_month": 3,
    "birth_year": 1962,
    "relationship": "Father",
    "cygnum_relationship_to_childminder": "",
    "email": "T.kingsman@hotmail.com",
    "dbs_certificate_number": "001619592568",
    "token": "5999748",
    "validated": true,
    "current_treatment": false,
    "serious_illness": false,
    "known_to_council": false,
    "reasons_known_to_council_health_check": "",
    "hospital_admission": false,
    "health_check_status": "Done",
    "email_resent": 0,
    "email_resent_timestamp": "2019-02-27T19:25:16.811Z",
    "lived_abroad": false,
    "military_base": false,
    "capita": true,
    "enhanced_check": null,
    "on_update": true,
    "certificate_information": "Certificate contains no information",
    "within_three_months": false
  }
},
{
  "model": "application.adultinhome",
  "pk": "adf2a16f-f229-4222-bec1-62275c4ec631",
  "fields": {
    "application_id": "a963c70d-2582-4f1d-9a38-77b151fcf135",
    "adult": 2,
    "first_name": "Lewis",
    "middle_names": "Little",
    "last_name": "Firth",
    "birth_day": 14,
    "birth_month": 1,
    "birth_year": 1969,
    "relationship": "Housemate",
    "cygnum_relationship_to_childminder": "",
    "email": "lfrithy102@gmail.com",
    "dbs_certificate_number": "201619622124",
    "token": "6923626",
    "validated": true,
    "current_treatment": false,
    "serious_illness": false,
    "known_to_council": false,
    "reasons_known_to_council_health_check": "",
    "hospital_admission": false,
    "health_check_status": "Done",
    "email_resent": 0,
    "email_resent_timestamp": "2019-02-27T19:10:52.586Z",
    "lived_abroad": false,
    "military_base": false,
    "capita": false,
    "enhanced_check": true,
    "on_update": true,
    "certificate_information": "",
    "within_three_months": null
  }
},
{
  "model": "application.adultinhome",
  "pk": "dfa6f40d-7f79-4340-a8d6-37402eaaf6ba",
  "fields": {
    "application_id": "b47bf218-3b76-43fa-8398-1110df9ce554",
    "adult": 1,
    "first_name": "Ashley",
    "middle_names": "Henry",
    "last_name": "Venger",
    "birth_day": 15,
    "birth_month": 10,
    "birth_year": 1988,
    "relationship": "Brother",
    "cygnum_relationship_to_childminder": "",
    "email": "jwright@gmail.com",
    "dbs_certificate_number": "002619592165",
    "token": "4575952",
    "validated": true,
    "current_treatment": false,
    "serious_illness": false,
    "known_to_council": false,
    "reasons_known_to_council_health_check": "",
    "hospital_admission": false,
    "health_check_status": "Done",
    "email_resent": 0,
    "email_resent_timestamp": "2019-02-27T18:42:29.677Z",
    "lived_abroad": true,
    "military_base": false,
    "capita": false,
    "enhanced_check": true,
    "on_update": true,
    "certificate_information": "",
    "within_three_months": null
  }
},
{
  "model": "application.adultinhome",
  "pk": "f4af4a62-070e-4105-be39-b3a99c8b3446",
  "fields": {
    "application_id": "ef53c2e0-3b6e-44ad-bf99-1f9f805970d5",
    "adult": 2,
    "first_name": "Dale",
    "middle_names": "Coolio",
    "last_name": "Chancelor",
    "birth_day": 11,
    "birth_month": 12,
    "birth_year": 1990,
    "relationship": "Housemate",
    "cygnum_relationship_to_childminder": "",
    "email": "d.chance@hotmail.com",
    "dbs_certificate_number": "002619579253",
    "token": "5259753",
    "validated": true,
    "current_treatment": true,
    "serious_illness": true,
    "known_to_council": false,
    "reasons_known_to_council_health_check": "",
    "hospital_admission": true,
    "health_check_status": "Done",
    "email_resent": 0,
    "email_resent_timestamp": "2019-02-27T18:23:27.005Z",
    "lived_abroad": false,
    "military_base": false,
    "capita": false,
    "enhanced_check": true,
    "on_update": true,
    "certificate_information": "",
    "within_three_months": null
  }
},
{
  "model": "application.applicantpersonaldetails",
  "pk": "66a52763-68b8-40d9-bc3b-dd212ba537d4",
  "fields": {
    "application_id": "f5b803e4-6bd8-4783-8117-fe4f79c45b20",
    "birth_day": 3,
    "birth_month": 3,
    "birth_year": 1989
  }
},
{
  "model": "application.applicantpersonaldetails",
  "pk": "74345522-4ece-4510-849c-4a41da079919",
  "fields": {
    "application_id": "ef53c2e0-3b6e-44ad-bf99-1f9f805970d5",
    "birth_day": 9,
    "birth_month": 8,
    "birth_year": 1997
  }
},
{
  "model": "application.applicantpersonaldetails",
  "pk": "86237ad7-77c1-4de4-b79b-a82cc7f382f8",
  "fields": {
    "application_id": "b47bf218-3b76-43fa-8398-1110df9ce554",
    "birth_day": 9,
    "birth_month": 3,
    "birth_year": 1967
  }
},
{
  "model": "application.applicantpersonaldetails",
  "pk": "94d5a2f6-d28c-4bbf-97b1-ecdeba2cea2b",
  "fields": {
    "application_id": "4f3e0426-1e59-4f28-a640-8fb47b5d115b",
    "birth_day": 6,
    "birth_month": 2,
    "birth_year": 1979
  }
},
{
  "model": "application.applicantpersonaldetails",
  "pk": "9f17fd12-e4c5-4c14-9e4c-ea70ea4309ac",
  "fields": {
    "application_id": "1d8d86dc-1c69-43eb-a8bb-6f570e11c011",
    "birth_day": 5,
    "birth_month": 5,
    "birth_year": 1977
  }
},
{
  "model": "application.applicantpersonaldetails",
  "pk": "eab3aa31-a616-4019-91fb-cb16ab2ea117",
  "fields": {
    "application_id": "a963c70d-2582-4f1d-9a38-77b151fcf135",
    "birth_day": 24,
    "birth_month": 12,
    "birth_year": 1976
  }
},
{
  "model": "application.applicanthomeaddress",
  "pk": "0d295f24-a357-4a16-830f-fd5b500d626d",
  "fields": {
    "personal_detail_id": "86237ad7-77c1-4de4-b79b-a82cc7f382f8",
    "application_id": "b47bf218-3b76-43fa-8398-1110df9ce554",
    "street_line1": "12 Rivington Road",
    "street_line2": "Houghton",
    "town": "Manchester",
    "county": "Lancashire",
    "country": "United Kingdom",
    "postcode": "SY1 9KK",
    "childcare_address": true,
    "current_address": true,
    "move_in_month": 0,
    "move_in_year": 0
  }
},
{
  "model": "application.applicanthomeaddress",
  "pk": "44117dff-baee-4e77-9069-ea07cd71d083",
  "fields": {
    "personal_detail_id": "74345522-4ece-4510-849c-4a41da079919",
    "application_id": "ef53c2e0-3b6e-44ad-bf99-1f9f805970d5",
    "street_line1": "128 Holly Grove",
    "street_line2": "Rittingham",
    "town": "Oldham",
    "county": "Greater Manchester",
    "country": "United Kingdom",
    "postcode": "MP11 9HJ",
    "childcare_address": true,
    "current_address": true,
    "move_in_month": 0,
    "move_in_year": 0
  }
},
{
  "model": "application.applicanthomeaddress",
  "pk": "70136168-542b-48ac-82ea-47e5360996af",
  "fields": {
    "personal_detail_id": "9f17fd12-e4c5-4c14-9e4c-ea70ea4309ac",
    "application_id": "1d8d86dc-1c69-43eb-a8bb-6f570e11c011",
    "street_line1": "11 Randy Drive",
    "street_line2": "Chorlton",
    "town": "Nottingham",
    "county": "Nottinghamshire",
    "country": "United Kingdom",
    "postcode": "SY1 9SC",
    "childcare_address": true,
    "current_address": true,
    "move_in_month": 0,
    "move_in_year": 0
  }
},
{
  "model": "application.applicanthomeaddress",
  "pk": "8f994fad-000c-4496-867b-28c41fe8d79e",
  "fields": {
    "personal_detail_id": "66a52763-68b8-40d9-bc3b-dd212ba537d4",
    "application_id": "f5b803e4-6bd8-4783-8117-fe4f79c45b20",
    "street_line1": "11 Privet Drive",
    "street_line2": "Gatsby",
    "town": "Northampton",
    "county": "Devon",
    "country": "United Kingdom",
    "postcode": "SL01 9KP",
    "childcare_address": true,
    "current_address": true,
    "move_in_month": 0,
    "move_in_year": 0
  }
},
{
  "model": "application.applicanthomeaddress",
  "pk": "b92030b8-baf6-4674-b8d6-45a666c157cf",
  "fields": {
    "personal_detail_id": "94d5a2f6-d28c-4bbf-97b1-ecdeba2cea2b",
    "application_id": "4f3e0426-1e59-4f28-a640-8fb47b5d115b",
    "street_line1": "16 Manor Close",
    "street_line2": "Dinlabake",
    "town": "Hereford",
    "county": "Herefordshire",
    "country": "United Kingdom",
    "postcode": "TD9 5JS",
    "childcare_address": true,
    "current_address": true,
    "move_in_month": 0,
    "move_in_year": 0
  }
},
{
  "model": "application.applicanthomeaddress",
  "pk": "d9224a59-bdb4-4afc-8d7d-1b5abd0bf7c1",
  "fields": {
    "personal_detail_id": "eab3aa31-a616-4019-91fb-cb16ab2ea117",
    "application_id": "a963c70d-2582-4f1d-9a38-77b151fcf135",
    "street_line1": "42 Walden Road",
    "street_line2": "Hartfield",
    "town": "Greinfort",
    "county": "Lancashire",
    "country": "United Kingdom",
    "postcode": "HS6 1PD",
    "childcare_address": true,
    "current_address": true,
    "move_in_month": 0,
    "move_in_year": 0
  }
},
{
  "model": "application.applicantname",
  "pk": "1460c719-6ffe-463d-8c17-cd8c19d20862",
  "fields": {
    "personal_detail_id": "9f17fd12-e4c5-4c14-9e4c-ea70ea4309ac",
    "application_id": "1d8d86dc-1c69-43eb-a8bb-6f570e11c011",
    "current_name": true,
    "first_name": "Louise",
    "middle_names": "Hart",
    "last_name": "Pearson"
  }
},
{
  "model": "application.applicantname",
  "pk": "20e60a30-361a-4532-8438-0ff5691f1ad2",
  "fields": {
    "personal_detail_id": "94d5a2f6-d28c-4bbf-97b1-ecdeba2cea2b",
    "application_id": "4f3e0426-1e59-4f28-a640-8fb47b5d115b",
    "current_name": true,
    "first_name": "Helen",
    "middle_names": "Daniella",
    "last_name": "Westwood"
  }
},
{
  "model": "application.applicantname",
  "pk": "230fe6af-732c-4f0c-83c2-a593b85ca9f9",
  "fields": {
    "personal_detail_id": "86237ad7-77c1-4de4-b79b-a82cc7f382f8",
    "application_id": "b47bf218-3b76-43fa-8398-1110df9ce554",
    "current_name": true,
    "first_name": "Tom",
    "middle_names": "Stallon",
    "last_name": "Higgins"
  }
},
{
  "model": "application.applicantname",
  "pk": "8da7b6ff-d065-4257-abb0-bde517d7b9fb",
  "fields": {
    "personal_detail_id": "eab3aa31-a616-4019-91fb-cb16ab2ea117",
    "application_id": "a963c70d-2582-4f1d-9a38-77b151fcf135",
    "current_name": true,
    "first_name": "Lorna",
    "middle_names": "Proove",
    "last_name": "Knightly"
  }
},
{
  "model": "application.applicantname",
  "pk": "a383a26f-4806-4706-8ecd-a3dd9e8863c8",
  "fields": {
    "personal_detail_id": "74345522-4ece-4510-849c-4a41da079919",
    "application_id": "ef53c2e0-3b6e-44ad-bf99-1f9f805970d5",
    "current_name": true,
    "first_name": "Dan",
    "middle_names": "Hallam",
    "last_name": "Cartwright"
  }
},
{
  "model": "application.applicantname",
  "pk": "fd37b0e3-1769-4058-bc01-bcd0f82fc4f1",
  "fields": {
    "personal_detail_id": "66a52763-68b8-40d9-bc3b-dd212ba537d4",
    "application_id": "f5b803e4-6bd8-4783-8117-fe4f79c45b20",
    "current_name": true,
    "first_name": "Shane",
    "middle_names": "Eric",
    "last_name": "Haughton"
  }
},
{
  "model": "application.applicationreference",
  "pk": 1,
  "fields": {
    "reference": 1000000
  }
},
{
  "model": "application.childinhome",
  "pk": "5344258f-bca1-478b-b4b6-cb65828631c4",
  "fields": {
    "application_id": "b47bf218-3b76-43fa-8398-1110df9ce554",
    "child": 1,
    "first_name": "Emma",
    "middle_names": "Elain",
    "last_name": "Larkin",
    "birth_day": 5,
    "birth_month": 3,
    "birth_year": 2007,
    "relationship": "Daughter"
  }
},
{
  "model": "application.childinhome",
  "pk": "65e12500-ef8d-408e-85f4-4d1ec8a42416",
  "fields": {
    "application_id": "a963c70d-2582-4f1d-9a38-77b151fcf135",
    "child": 1,
    "first_name": "James",
    "middle_names": "Elain",
    "last_name": "Goodwin",
    "birth_day": 9,
    "birth_month": 3,
    "birth_year": 2009,
    "relationship": "Son"
  }
},
{
  "model": "application.childinhome",
  "pk": "6709ebac-a3d8-495e-adc9-359fbac9cb12",
  "fields": {
    "application_id": "a963c70d-2582-4f1d-9a38-77b151fcf135",
    "child": 2,
    "first_name": "Noah",
    "middle_names": "Hart",
    "last_name": "Noble",
    "birth_day": 3,
    "birth_month": 11,
    "birth_year": 2015,
    "relationship": "Son"
  }
},
{
  "model": "application.childinhome",
  "pk": "fe0e653b-8549-4bd9-a2a0-d998241cb183",
  "fields": {
    "application_id": "b47bf218-3b76-43fa-8398-1110df9ce554",
    "child": 2,
    "first_name": "Elle",
    "middle_names": "Hart",
    "last_name": "Davies",
    "birth_day": 9,
    "birth_month": 12,
    "birth_year": 2015,
    "relationship": "Daughter"
  }
},
{
  "model": "application.childcaretype",
  "pk": "43149c77-ee57-49e4-9ae6-7dd4d65f5422",
  "fields": {
    "application_id": "b47bf218-3b76-43fa-8398-1110df9ce554",
    "zero_to_five": true,
    "five_to_eight": true,
    "eight_plus": true,
    "overnight_care": true
  }
},
{
  "model": "application.childcaretype",
  "pk": "73fa2ede-ef1a-496b-baf3-d528a8adce59",
  "fields": {
    "application_id": "f5b803e4-6bd8-4783-8117-fe4f79c45b20",
    "zero_to_five": true,
    "five_to_eight": false,
    "eight_plus": false,
    "overnight_care": true
  }
},
{
  "model": "application.childcaretype",
  "pk": "9feba020-6f8b-4675-bf6b-3c820a066857",
  "fields": {
    "application_id": "a963c70d-2582-4f1d-9a38-77b151fcf135",
    "zero_to_five": true,
    "five_to_eight": false,
    "eight_plus": false,
    "overnight_care": true
  }
},
{
  "model": "application.childcaretype",
  "pk": "d9d1a0e4-3894-4f01-b2e5-973f0ce90499",
  "fields": {
    "application_id": "4f3e0426-1e59-4f28-a640-8fb47b5d115b",
    "zero_to_five": true,
    "five_to_eight": true,
    "eight_plus": true,
    "overnight_care": true
  }
},
{
  "model": "application.childcaretype",
  "pk": "e875e9b1-4702-4476-b251-a334cfb651c8",
  "fields": {
    "application_id": "1d8d86dc-1c69-43eb-a8bb-6f570e11c011",
    "zero_to_five": true,
    "five_to_eight": true,
    "eight_plus": true,
    "overnight_care": true
  }
},
{
  "model": "application.childcaretype",
  "pk": "f6fc4253-c3f4-4961-bfdd-d0673f7feff1",
  "fields": {
    "application_id": "ef53c2e0-3b6e-44ad-bf99-1f9f805970d5",
    "zero_to_five": true,
    "five_to_eight": true,
    "eight_plus": true,
    "overnight_care": true
  }
},
{
  "model": "application.criminalrecordcheck",
  "pk": "05ee6a93-ae19-468b-922a-82a3ccd4b8e4",
  "fields": {
    "application_id": "1d8d86dc-1c69-43eb-a8bb-6f570e11c011",
    "dbs_certificate_number": "002619579251",
    "cautions_convictions": null,
    "lived_abroad": false,
    "military_base": false,
    "capita": false,
    "enhanced_check": true,
    "on_update": true,
    "certificate_information": "",
    "within_three_months": null
  }
},
{
  "model": "application.criminalrecordcheck",
  "pk": "13efb977-e119-416e-b2df-60465792bcd8",
  "fields": {
    "application_id": "b47bf218-3b76-43fa-8398-1110df9ce554",
    "dbs_certificate_number": "002619579471",
    "cautions_convictions": null,
    "lived_abroad": true,
    "military_base": true,
    "capita": false,
    "enhanced_check": true,
    "on_update": true,
    "certificate_information": "",
    "within_three_months": null
  }
},
{
  "model": "application.criminalrecordcheck",
  "pk": "698f7765-4c00-40f7-8dad-8fb207faecac",
  "fields": {
    "application_id": "a963c70d-2582-4f1d-9a38-77b151fcf135",
    "dbs_certificate_number": "001640218503",
    "cautions_convictions": null,
    "lived_abroad": true,
    "military_base": false,
    "capita": true,
    "enhanced_check": null,
    "on_update": null,
    "certificate_information": "Please wait to view applicant certificate",
    "within_three_months": true
  }
},
{
  "model": "application.criminalrecordcheck",
  "pk": "aa8cfa35-d5da-4a88-913a-de13a5512f05",
  "fields": {
    "application_id": "4f3e0426-1e59-4f28-a640-8fb47b5d115b",
    "dbs_certificate_number": "001641662711",
    "cautions_convictions": null,
    "lived_abroad": true,
    "military_base": false,
    "capita": true,
    "enhanced_check": null,
    "on_update": null,
    "certificate_information": "Certificate contains no information",
    "within_three_months": true
  }
},
{
  "model": "application.criminalrecordcheck",
  "pk": "bfc3fcfe-92eb-44fd-9022-316adb475c40",
  "fields": {
    "application_id": "ef53c2e0-3b6e-44ad-bf99-1f9f805970d5",
    "dbs_certificate_number": "002619579252",
    "cautions_convictions": null,
    "lived_abroad": false,
    "military_base": false,
    "capita": false,
    "enhanced_check": true,
    "on_update": true,
    "certificate_information": "",
    "within_three_months": null
  }
},
{
  "model": "application.criminalrecordcheck",
  "pk": "e5f99605-1482-4383-9b4a-b3cfac982567",
  "fields": {
    "application_id": "f5b803e4-6bd8-4783-8117-fe4f79c45b20",
    "dbs_certificate_number": "201619579519",
    "cautions_convictions": null,
    "lived_abroad": true,
    "military_base": true,
    "capita": false,
    "enhanced_check": true,
    "on_update": true,
    "certificate_information": "",
    "within_three_months": null
  }
},
{
  "model": "application.childcaretraining",
  "pk": "395d44bd-eb41-4ce2-97f8-53372d6d909f",
  "fields": {
    "application_id": "4f3e0426-1e59-4f28-a640-8fb47b5d115b",
    "eyfs_course_name": "EYFS Main Course",
    "eyfs_course_date_day": 2,
    "eyfs_course_date_month": 3,
    "eyfs_course_date_year": 2018,
    "eyfs_training": null,
    "common_core_training": null,
    "no_training": null
  }
},
{
  "model": "application.childcaretraining",
  "pk": "5ec1b3c0-aeb3-430d-9d4d-745d8d436cda",
  "fields": {
    "application_id": "b47bf218-3b76-43fa-8398-1110df9ce554",
    "eyfs_course_name": "EYFS Higher",
    "eyfs_course_date_day": 9,
    "eyfs_course_date_month": 7,
    "eyfs_course_date_year": 2016,
    "eyfs_training": null,
    "common_core_training": null,
    "no_training": null
  }
},
{
  "model": "application.childcaretraining",
  "pk": "852b07e2-2058-4981-9052-c9cafd13a8c9",
  "fields": {
    "application_id": "1d8d86dc-1c69-43eb-a8bb-6f570e11c011",
    "eyfs_course_name": "EYFS Main Course",
    "eyfs_course_date_day": 3,
    "eyfs_course_date_month": 5,
    "eyfs_course_date_year": 2016,
    "eyfs_training": null,
    "common_core_training": null,
    "no_training": null
  }
},
{
  "model": "application.childcaretraining",
  "pk": "a38f4cd2-5ab0-4f45-b75a-bf0cf98aecaa",
  "fields": {
    "application_id": "f5b803e4-6bd8-4783-8117-fe4f79c45b20",
    "eyfs_course_name": "Early Years Foundation Course",
    "eyfs_course_date_day": 2,
    "eyfs_course_date_month": 9,
    "eyfs_course_date_year": 2016,
    "eyfs_training": null,
    "common_core_training": null,
    "no_training": null
  }
},
{
  "model": "application.childcaretraining",
  "pk": "aaf9c2bf-2eb1-4e87-8eb5-cf4e3cf3b6a0",
  "fields": {
    "application_id": "a963c70d-2582-4f1d-9a38-77b151fcf135",
    "eyfs_course_name": "Early Years Foundation Course X1",
    "eyfs_course_date_day": 9,
    "eyfs_course_date_month": 3,
    "eyfs_course_date_year": 2016,
    "eyfs_training": null,
    "common_core_training": null,
    "no_training": null
  }
},
{
  "model": "application.childcaretraining",
  "pk": "d854d1a0-ff8e-4b2d-94c6-375ab0b12285",
  "fields": {
    "application_id": "ef53c2e0-3b6e-44ad-bf99-1f9f805970d5",
    "eyfs_course_name": "EYFS Top Level",
    "eyfs_course_date_day": 9,
    "eyfs_course_date_month": 3,
    "eyfs_course_date_year": 2016,
    "eyfs_training": null,
    "common_core_training": null,
    "no_training": null
  }
},
{
  "model": "application.firstaidtraining",
  "pk": "156dabdc-437a-4c57-8d78-db8175378dfd",
  "fields": {
    "application_id": "4f3e0426-1e59-4f28-a640-8fb47b5d115b",
    "training_organisation": "1st Aiders Ltd",
    "course_title": "1st Aid Higher Course",
    "course_day": 24,
    "course_month": 2,
    "course_year": 2017,
    "show_certificate": null,
    "renew_certificate": null
  }
},
{
  "model": "application.firstaidtraining",
  "pk": "1f5bbcca-e8c0-477b-a1b8-600b8207ac46",
  "fields": {
    "application_id": "1d8d86dc-1c69-43eb-a8bb-6f570e11c011",
    "training_organisation": "Highest Aid",
    "course_title": "First Aid Beginners",
    "course_day": 9,
    "course_month": 9,
    "course_year": 2017,
    "show_certificate": null,
    "renew_certificate": null
  }
},
{
  "model": "application.firstaidtraining",
  "pk": "6b435419-04e8-47b6-8022-03d019684831",
  "fields": {
    "application_id": "ef53c2e0-3b6e-44ad-bf99-1f9f805970d5",
    "training_organisation": "Aid4U",
    "course_title": "1st Aid Leader",
    "course_day": 9,
    "course_month": 3,
    "course_year": 2017,
    "show_certificate": null,
    "renew_certificate": null
  }
},
{
  "model": "application.firstaidtraining",
  "pk": "8c4e0992-480d-4258-8cad-528a656fdfcc",
  "fields": {
    "application_id": "b47bf218-3b76-43fa-8398-1110df9ce554",
    "training_organisation": "1st Aiders UK",
    "course_title": "1st Aid Master Course",
    "course_day": 9,
    "course_month": 2,
    "course_year": 2017,
    "show_certificate": null,
    "renew_certificate": null
  }
},
{
  "model": "application.firstaidtraining",
  "pk": "d1c25e10-8a5c-40dd-9fe5-6724e89a88f4",
  "fields": {
    "application_id": "f5b803e4-6bd8-4783-8117-fe4f79c45b20",
    "training_organisation": "Elite Aid",
    "course_title": "Best Aid",
    "course_day": 3,
    "course_month": 4,
    "course_year": 2017,
    "show_certificate": null,
    "renew_certificate": null
  }
},
{
  "model": "application.firstaidtraining",
  "pk": "d9ff3034-7f62-4723-9ef2-908e6d8679c8",
  "fields": {
    "application_id": "a963c70d-2582-4f1d-9a38-77b151fcf135",
    "training_organisation": "Care4u",
    "course_title": "Higher Aid Course",
    "course_day": 3,
    "course_month": 3,
    "course_year": 2017,
    "show_certificate": null,
    "renew_certificate": null
  }
},
{
  "model": "application.healthdeclarationbooklet",
  "pk": "1d582f31-2cde-4c9e-a11c-1ebc350681c1",
  "fields": {
    "application_id": "4f3e0426-1e59-4f28-a640-8fb47b5d115b",
    "send_hdb_declare": true
  }
},
{
  "model": "application.healthdeclarationbooklet",
  "pk": "3606b273-deaf-488c-aa2c-e9987110a672",
  "fields": {
    "application_id": "b47bf218-3b76-43fa-8398-1110df9ce554",
    "send_hdb_declare": true
  }
},
{
  "model": "application.healthdeclarationbooklet",
  "pk": "3e8cdd7f-bf4b-47e8-a687-2a7bf5e5ae7f",
  "fields": {
    "application_id": "ef53c2e0-3b6e-44ad-bf99-1f9f805970d5",
    "send_hdb_declare": true
  }
},
{
  "model": "application.healthdeclarationbooklet",
  "pk": "8c7fcb2f-57e3-45ec-a6a0-00f988d8bffe",
  "fields": {
    "application_id": "a963c70d-2582-4f1d-9a38-77b151fcf135",
    "send_hdb_declare": true
  }
},
{
  "model": "application.healthdeclarationbooklet",
  "pk": "a124547a-c92e-4707-90db-28aa7695de54",
  "fields": {
    "application_id": "1d8d86dc-1c69-43eb-a8bb-6f570e11c011",
    "send_hdb_declare": true
  }
},
{
  "model": "application.healthdeclarationbooklet",
  "pk": "b0599019-9b0b-4154-899c-846defc1563e",
  "fields": {
    "application_id": "f5b803e4-6bd8-4783-8117-fe4f79c45b20",
    "send_hdb_declare": true
  }
},
{
  "model": "application.payment",
  "pk": "2e56ea5b-6164-4b32-9a9a-1a9d49c66eab",
  "fields": {
    "application_id": "f5b803e4-6bd8-4783-8117-fe4f79c45b20",
    "payment_reference": "MO:EY2500692:20190227180221",
    "payment_submitted": true,
    "payment_authorised": true
  }
},
{
  "model": "application.payment",
  "pk": "391e4a39-1a42-4d6e-b177-255a76f134fb",
  "fields": {
    "application_id": "ef53c2e0-3b6e-44ad-bf99-1f9f805970d5",
    "payment_reference": "MO:EY2500694:20190227183510",
    "payment_submitted": true,
    "payment_authorised": true
  }
},
{
  "model": "application.payment",
  "pk": "4d09f7eb-80ba-43bd-a4a5-1d3cc034e1fa",
  "fields": {
    "application_id": "a963c70d-2582-4f1d-9a38-77b151fcf135",
    "payment_reference": "MO:EY2500696:20190227191539",
    "payment_submitted": true,
    "payment_authorised": true
  }
},
{
  "model": "application.payment",
  "pk": "75d8f9dd-ead9-4be0-9dfa-9be4660dea86",
  "fields": {
    "application_id": "4f3e0426-1e59-4f28-a640-8fb47b5d115b",
    "payment_reference": "MO:EY2500697:20190227192915",
    "payment_submitted": true,
    "payment_authorised": true
  }
},
{
  "model": "application.payment",
  "pk": "8373e417-4305-4690-ac1c-8b78d1cf54e1",
  "fields": {
    "application_id": "1d8d86dc-1c69-43eb-a8bb-6f570e11c011",
    "payment_reference": "MO:EY2500693:20190227180957",
    "payment_submitted": true,
    "payment_authorised": true
  }
},
{
  "model": "application.payment",
  "pk": "ba894ea3-a142-4afc-bfbf-07c50d2dc246",
  "fields": {
    "application_id": "b47bf218-3b76-43fa-8398-1110df9ce554",
    "payment_reference": "MO:EY2500695:20190227184355",
    "payment_submitted": true,
    "payment_authorised": true
  }
},
{
  "model": "application.reference",
  "pk": "191c9b01-2e80-401d-b9fd-1fb52bb7756e",
  "fields": {
    "application_id": "4f3e0426-1e59-4f28-a640-8fb47b5d115b",
    "reference": 1,
    "first_name": "Niamh",
    "last_name": "Bolton",
    "relationship": "Childminder",
    "years_known": 9,
    "months_known": 7,
    "street_line1": "72 Wenlock Terrace",
    "street_line2": "Pembrook",
    "town": "Penygroes",
    "county": "Shropshire",
    "country": "England",
    "postcode": "SJ9 0XL",
    "phone_number": "07523799054",
    "email": "n.bolton123@gmail.com"
  }
},
{
  "model": "application.reference",
  "pk": "2ad32d87-a45b-4d09-a463-af4c4339ab77",
  "fields": {
    "application_id": "f5b803e4-6bd8-4783-8117-fe4f79c45b20",
    "reference": 1,
    "first_name": "Ryland",
    "last_name": "Loaner",
    "relationship": "Neighbour",
    "years_known": 2,
    "months_known": 2,
    "street_line1": "5 Peters Road",
    "street_line2": "Withington",
    "town": "Harland",
    "county": "Staffordshire",
    "country": "England",
    "postcode": "ST1 9LL",
    "phone_number": "07694322309",
    "email": "r.loans@gmail.com"
  }
},
{
  "model": "application.reference",
  "pk": "2d61ce7a-c4a0-4e08-870b-950c66a271ec",
  "fields": {
    "application_id": "ef53c2e0-3b6e-44ad-bf99-1f9f805970d5",
    "reference": 1,
    "first_name": "Tom",
    "last_name": "Salter",
    "relationship": "School friend",
    "years_known": 2,
    "months_known": 9,
    "street_line1": "88 Hatters Lane",
    "street_line2": "Deadley",
    "town": "Ancoats",
    "county": "Manchester",
    "country": "England",
    "postcode": "SY29 9LP",
    "phone_number": "07829357044",
    "email": "t.salter@gmail.com"
  }
},
{
  "model": "application.reference",
  "pk": "312dba5a-e493-4f69-8b1a-8d54463a32b4",
  "fields": {
    "application_id": "1d8d86dc-1c69-43eb-a8bb-6f570e11c011",
    "reference": 2,
    "first_name": "Matt",
    "last_name": "Ryans",
    "relationship": "Colleague",
    "years_known": 3,
    "months_known": 7,
    "street_line1": "67 Copthorne Avenue",
    "street_line2": "Harland",
    "town": "Reighton",
    "county": "Hertfordshire",
    "country": "England",
    "postcode": "HT10 9PP",
    "phone_number": "07982176311",
    "email": "matt.ryan@yahoo.com"
  }
},
{
  "model": "application.reference",
  "pk": "55672270-6f3c-41a7-913e-071e1667da77",
  "fields": {
    "application_id": "b47bf218-3b76-43fa-8398-1110df9ce554",
    "reference": 2,
    "first_name": "Milly",
    "last_name": "Oliver",
    "relationship": "Colleague",
    "years_known": 9,
    "months_known": 2,
    "street_line1": "96 Front Street",
    "street_line2": "Harpers",
    "town": "Hemmington",
    "county": "Cornwall",
    "country": "England",
    "postcode": "CW10 8KL",
    "phone_number": "07890245671",
    "email": "m.oloiber@hotmail.com"
  }
},
{
  "model": "application.reference",
  "pk": "5589d25a-9382-4e3d-b34c-956b6fc01366",
  "fields": {
    "application_id": "1d8d86dc-1c69-43eb-a8bb-6f570e11c011",
    "reference": 1,
    "first_name": "Tom",
    "last_name": "Cruddas",
    "relationship": "Friend",
    "years_known": 8,
    "months_known": 1,
    "street_line1": "121 Waltham Road",
    "street_line2": "Carney",
    "town": "Highlands",
    "county": "Edinburgh",
    "country": "Scotland",
    "postcode": "EV12KO",
    "phone_number": "07324397838",
    "email": "t.cruddas01@gmail.com"
  }
},
{
  "model": "application.reference",
  "pk": "6792464c-c219-477a-ad4e-352bf8ef34a4",
  "fields": {
    "application_id": "f5b803e4-6bd8-4783-8117-fe4f79c45b20",
    "reference": 2,
    "first_name": "Sophie",
    "last_name": "Loaner",
    "relationship": "Colleague",
    "years_known": 3,
    "months_known": 3,
    "street_line1": "9 Yark Road",
    "street_line2": "Longton",
    "town": "Manchester",
    "county": "Lankashire",
    "country": "England",
    "postcode": "LK2 9LQ",
    "phone_number": "07982173267",
    "email": "soph.l@martins.com"
  }
},
{
  "model": "application.reference",
  "pk": "745b8c1c-8025-481c-a884-694c4f2b26b4",
  "fields": {
    "application_id": "b47bf218-3b76-43fa-8398-1110df9ce554",
    "reference": 1,
    "first_name": "Alfie",
    "last_name": "Bevan",
    "relationship": "Friend",
    "years_known": 2,
    "months_known": 5,
    "street_line1": "19 York Road",
    "street_line2": "Overton",
    "town": "Applebury",
    "county": "Shropshire",
    "country": "England",
    "postcode": "SY8 8DP",
    "phone_number": "07832489098",
    "email": "a.bevan@gmail.com"
  }
},
{
  "model": "application.reference",
  "pk": "7653481b-43ec-41f7-ae08-f29f9f5343c2",
  "fields": {
    "application_id": "a963c70d-2582-4f1d-9a38-77b151fcf135",
    "reference": 2,
    "first_name": "Grace",
    "last_name": "Bibi",
    "relationship": "Colleague",
    "years_known": 3,
    "months_known": 2,
    "street_line1": "88 Kent Street",
    "street_line2": "Cros",
    "town": "Bishopsville",
    "county": "Wolverhampton",
    "country": "England",
    "postcode": "WV1 0PD",
    "phone_number": "07567898763",
    "email": "g.bibi@yahoo.com"
  }
},
{
  "model": "application.reference",
  "pk": "841cde6e-5578-4f33-b055-2bdab49051f7",
  "fields": {
    "application_id": "4f3e0426-1e59-4f28-a640-8fb47b5d115b",
    "reference": 2,
    "first_name": "Kian",
    "last_name": "Wall",
    "relationship": "Colleague",
    "years_known": 8,
    "months_known": 1,
    "street_line1": "12 Middlewich Road",
    "street_line2": "Flempton",
    "town": "Bishopsville",
    "county": "Northumbria",
    "country": "England",
    "postcode": "MN0 7DU",
    "phone_number": "07523899055",
    "email": "k.wally1990@yahoo.com"
  }
},
{
  "model": "application.reference",
  "pk": "f251825e-b043-484d-9267-52da6cbe8745",
  "fields": {
    "application_id": "ef53c2e0-3b6e-44ad-bf99-1f9f805970d5",
    "reference": 2,
    "first_name": "Luke",
    "last_name": "Kaulker",
    "relationship": "Colleague",
    "years_known": 11,
    "months_known": 8,
    "street_line1": "123 Cresent Avenue",
    "street_line2": "Didsbury",
    "town": "Hartleypool",
    "county": "Devon",
    "country": "England",
    "postcode": "DV10 8SH",
    "phone_number": "07892383632",
    "email": "l.kaulker@gmail.com"
  }
},
{
  "model": "application.reference",
  "pk": "ffee0df4-b1c0-44c4-a033-674554fcabee",
  "fields": {
    "application_id": "a963c70d-2582-4f1d-9a38-77b151fcf135",
    "reference": 1,
    "first_name": "Tyler",
    "last_name": "Norman",
    "relationship": "Friend",
    "years_known": 10,
    "months_known": 11,
    "street_line1": "62 George Street",
    "street_line2": "Withington",
    "town": "Henderside",
    "county": "Shropshire",
    "country": "England",
    "postcode": "CF32 1RS",
    "phone_number": "07895266988",
    "email": "t.norman@gmail.com"
  }
},
{
  "model": "application.userdetails",
  "pk": "04c1351e-2826-4d3f-b457-80ca681114fa",
  "fields": {
    "application_id": "ef53c2e0-3b6e-44ad-bf99-1f9f805970d5",
    "email": "dancwrith@hotmail.co.uk",
    "change_email": null,
    "mobile_number": "07921277899",
    "add_phone_number": "01892347894",
    "email_expiry_date": 1551292293,
    "sms_expiry_date": null,
    "magic_link_email": "BIQTTOQ7LEND",
    "magic_link_sms": null,
    "sms_resend_attempts": 0,
    "sms_resend_attempts_expiry_date": 0
  }
},
{
  "model": "application.userdetails",
  "pk": "076d7f5a-9239-4be8-8f4f-73c1c5b42e32",
  "fields": {
    "application_id": "1d8d86dc-1c69-43eb-a8bb-6f570e11c011",
    "email": "lousige1990@yahoo.com",
    "change_email": null,
    "mobile_number": "07839436789",
    "add_phone_number": "07892347893",
    "email_expiry_date": 0,
    "sms_expiry_date": null,
    "magic_link_email": "IMFEICHVOI7B",
    "magic_link_sms": null,
    "sms_resend_attempts": 0,
    "sms_resend_attempts_expiry_date": 0
  }
},
{
  "model": "application.userdetails",
  "pk": "3a1bae69-9341-46cd-8b61-6b0e56e038ca",
  "fields": {
    "application_id": "b47bf218-3b76-43fa-8398-1110df9ce554",
    "email": "tomhiggs123@gmail.com",
    "change_email": null,
    "mobile_number": "07839234789",
    "add_phone_number": "07239234789",
    "email_expiry_date": 0,
    "sms_expiry_date": 1551293716,
    "magic_link_email": "ZODOM5ZSZUER",
    "magic_link_sms": "34389",
    "sms_resend_attempts": 0,
    "sms_resend_attempts_expiry_date": 0
  }
},
{
  "model": "application.userdetails",
  "pk": "940b7e70-11cd-4691-a97f-b6d2ad3cdf82",
  "fields": {
    "application_id": "f5b803e4-6bd8-4783-8117-fe4f79c45b20",
    "email": "Shanepai2@yahoo.com",
    "change_email": null,
    "mobile_number": "07834789076",
    "add_phone_number": "01937213793",
    "email_expiry_date": 0,
    "sms_expiry_date": null,
    "magic_link_email": "Y1S5AYIWOYTC",
    "magic_link_sms": null,
    "sms_resend_attempts": 0,
    "sms_resend_attempts_expiry_date": 0
  }
},
{
  "model": "application.userdetails",
  "pk": "a47a577f-8eb9-49d2-84a1-15112e704b09",
  "fields": {
    "application_id": "4f3e0426-1e59-4f28-a640-8fb47b5d115b",
    "email": "helen.west@gmail.com",
    "change_email": null,
    "mobile_number": "07832177899",
    "add_phone_number": "07839211387",
    "email_expiry_date": 1551295579,
    "sms_expiry_date": null,
    "magic_link_email": "OG4R4W0PI8TI",
    "magic_link_sms": null,
    "sms_resend_attempts": 0,
    "sms_resend_attempts_expiry_date": 0
  }
},
{
  "model": "application.userdetails",
  "pk": "b54ab346-ceaa-4903-8e66-a01069ff72a6",
  "fields": {
    "application_id": "a963c70d-2582-4f1d-9a38-77b151fcf135",
    "email": "lorna@lproove.com",
    "change_email": null,
    "mobile_number": "07812677933",
    "add_phone_number": "01902354790",
    "email_expiry_date": 1551294763,
    "sms_expiry_date": null,
    "magic_link_email": "S53IWOCRLJJQ",
    "magic_link_sms": null,
    "sms_resend_attempts": 0,
    "sms_resend_attempts_expiry_date": 0
  }
},
{
  "model": "application.healthcheckhospital",
  "pk": "547859e4-6ee0-4ae9-a31a-a4b04817b290",
  "fields": {
    "person_id": "f4af4a62-070e-4105-be39-b3a99c8b3446",
    "description": "Infected wound",
    "start_date": "2011-06-14",
    "end_date": "2017-07-28"
  }
},
{
  "model": "application.healthcheckhospital",
  "pk": "775b4652-adae-49bd-9073-13443c9a9eb0",
  "fields": {
    "person_id": "5a5ff336-e160-434d-8c3a-734667efa6ad",
    "description": "Infected wound",
    "start_date": "2011-06-14",
    "end_date": "2017-07-28"
  }
},
{
  "model": "application.healthcheckserious",
  "pk": "323d5db3-28e7-4438-b3f2-4e4ee55b34f0",
  "fields": {
    "person_id": "5a5ff336-e160-434d-8c3a-734667efa6ad",
    "description": "Bird Flu",
    "start_date": "1999-10-01",
    "end_date": "2014-04-04"
  }
},
{
  "model": "application.healthcheckserious",
  "pk": "920c2122-f3c1-49d3-9f2f-4d7464d76939",
  "fields": {
    "person_id": "f4af4a62-070e-4105-be39-b3a99c8b3446",
    "description": "Bird Flu",
    "start_date": "1999-10-01",
    "end_date": "2015-02-04"
  }
},
{
  "model": "application.healthcheckcurrent",
  "pk": "72e17df3-d5fe-4a78-97b0-17b25848f83e",
  "fields": {
    "person_id": "5a5ff336-e160-434d-8c3a-734667efa6ad",
    "description": "Severe cold"
  }
},
{
  "model": "application.healthcheckcurrent",
  "pk": "cc6bf684-3a38-4dbb-a68f-ee04674e5380",
  "fields": {
    "person_id": "f4af4a62-070e-4105-be39-b3a99c8b3446",
    "description": "Severe cold"
  }
}
]